,TF-IDF
quiz,0.3067083512264953
happy,0.18031821441022475
sad,0.17224069427917632
christmas,0.1708763479171788
see,0.1694680879592972
chat,0.16418821208077664
less,0.16329815764592803
sometimes,0.161435100644373
upset,0.1558967855432027
best,0.15364295637119188
excite,0.149506795668796
elderly,0.149506795668796
skype,0.149506795668796
reassure,0.149506795668796
hopeful,0.14428180284323508
worry,0.13840817908265537
family,0.13176732732998522
calm,0.13080809670491653
anything,0.12615168812290167
cancel,0.12382877945542929
quite,0.11842781139862699
okay,0.118126262045488
frustrate,0.11330485227405512
safe,0.11330485227405512
help,0.11102643929590163
recently,0.11073267049147643
try,0.1103241576780084
forward,0.10760233486411383
rather,0.10686636554975648
say,0.10338250476757231
video,0.10278092509268096
pass,0.10214903991008403
daily,0.10214903991008403
anxious,0.09860442997819707
low,0.09860442997819707
enjoy,0.09750686989983655
far,0.09542094692474158
really,0.09353783283535436
problem,0.09253176324550995
task,0.09253176324550995
usually,0.09162511272870985
still,0.09145172972226213
focus,0.08988704044998158
together,0.08784204736434348
speak,0.08744861761422598
health,0.08629717767287746
past,0.08555244599602274
may,0.08482503524040803
thing,0.08404047666190478
would,0.08364674256357517
time,0.08353080711776438
make,0.08353080711776438
face,0.08273911226531307
issue,0.0824045930045899
think,0.08153202633081796
however,0.08078364725924844
stress,0.08015808135189875
feel,0.0766734810565081
phone,0.0766466685779804
go,0.07609843305233081
night,0.07502851881464856
every,0.07399446587024854
hard,0.07348998311525155
call,0.07226326695771206
person,0.07202359335021233
feeling,0.07202359335021233
away,0.07178574237333168
live,0.07085202370016468
plan,0.07085202370016468
keep,0.07062288529269602
talk,0.06778746570531026
happen,0.06636089421774288
get,0.06540955039792119
able,0.0646174381275322
look,0.06208494829536895
week,0.0615679571407932
pandemic,0.05958143229828354
life,0.058323885923629894
year,0.05771357870168863
much,0.05414739080914601
home,0.052956992275179235
want,0.05058352741236678
know,0.049869946969924514
take,0.046316939332864314
like,0.04600364202820457
power,0.0
ab,0.0
practise,0.0
powerful,0.0
pram,0.0
precedent,0.0
precautionary,0.0
precaution,0.0
prayer,0.0
prayed,0.0
pray,0.0
prawn,0.0
praise,0.0
powerless,0.0
pragmatic,0.0
practitioner,0.0
practice,0.0
practically,0.0
practical,0.0
powerpoint,0.0
powerlessness,0.0
powder,0.0
pot,0.0
poured,0.0
positive,0.0
pose,0.0
portuguese,0.0
portrayed,0.0
portray,0.0
portrait,0.0
portion,0.0
portal,0.0
porridge,0.0
pork,0.0
porch,0.0
population,0.0
popular,0.0
popcorn,0.0
pop,0.0
poorly,0.0
poor,0.0
pool,0.0
poodle,0.0
ponytail,0.0
pontificating,0.0
ponder,0.0
position,0.0
positively,0.0
pour,0.0
posses,0.0
pound,0.0
potter,0.0
potently,0.0
potentially,0.0
potential,0.0
potato,0.0
precisely,0.0
posture,0.0
postponed,0.0
postpone,0.0
posting,0.0
postgraduate,0.0
posters,0.0
poster,0.0
postcard,0.0
postage,0.0
post,0.0
possibly,0.0
possible,0.0
possibility,0.0
possessive,0.0
precise,0.0
preparing,0.0
predicament,0.0
productivity,0.0
productive,0.0
production,0.0
product,0.0
produce,0.0
procrastinate,0.0
processor,0.0
processing,0.0
process,0.0
proceed,0.0
procedure,0.0
probationary,0.0
probation,0.0
probably,0.0
probable,0.0
probability,0.0
proactively,0.0
proactive,0.0
pro,0.0
privileged,0.0
privilege,0.0
privately,0.0
private,0.0
privacy,0.0
productively,0.0
prof,0.0
priority,0.0
profess,0.0
promotion,0.0
promote,0.0
promising,0.0
promise,0.0
prominent,0.0
prolonged,0.0
prolong,0.0
prolific,0.0
projector,0.0
project,0.0
prohibit,0.0
progressive,0.0
progress,0.0
programme,0.0
program,0.0
profusely,0.0
profitable,0.0
profit,0.0
profile,0.0
professor,0.0
professionally,0.0
professionalism,0.0
professional,0.0
prison,0.0
prioritise,0.0
predict,0.0
president,0.0
presentations,0.0
presentation,0.0
presentable,0.0
present,0.0
presence,0.0
prescription,0.0
prescribe,0.0
prepping,0.0
pollution,0.0
prepared,0.0
prepare,0.0
preparation,0.0
prep,0.0
pregnant,0.0
pregnancy,0.0
prefers,0.0
preferably,0.0
prefer,0.0
predominately,0.0
predominantly,0.0
predicted,0.0
predictable,0.0
predictability,0.0
presently,0.0
press,0.0
prior,0.0
pressing,0.0
printer,0.0
print,0.0
prince,0.0
prime,0.0
primary,0.0
prim,0.0
pride,0.0
prick,0.0
price,0.0
previously,0.0
previous,0.0
prevents,0.0
prevent,0.0
prevalent,0.0
pretty,0.0
pretentious,0.0
pretend,0.0
pret,0.0
presume,0.0
presumably,0.0
presumable,0.0
pressurise,0.0
pressure,0.0
pond,0.0
pm,0.0
politics,0.0
personality,0.0
persists,0.0
persistent,0.0
persist,0.0
persian,0.0
persevere,0.0
perpetual,0.0
permit,0.0
permanently,0.0
permanent,0.0
period,0.0
perhaps,0.0
perfumery,0.0
perfume,0.0
performer,0.0
performance,0.0
perform,0.0
perfectly,0.0
perfectionist,0.0
perfect,0.0
percy,0.0
perception,0.0
percentage,0.0
percent,0.0
personal,0.0
personally,0.0
perceive,0.0
personnel,0.0
physic,0.0
phys,0.0
phrase,0.0
photography,0.0
photograph,0.0
photo,0.0
phonology,0.0
phonetics,0.0
philosophy,0.0
philippine,0.0
phenomenology,0.0
phase,0.0
pharmacy,0.0
pharmacist,0.0
pfc,0.0
petulant,0.0
petty,0.0
petrol,0.0
pet,0.0
pesto,0.0
pessimistic,0.0
persuade,0.0
perspective,0.0
perceived,0.0
per,0.0
physicality,0.0
pea,0.0
payslip,0.0
payroll,0.0
payment,0.0
payday,0.0
paycheck,0.0
pay,0.0
pavement,0.0
pause,0.0
pattern,0.0
patronise,0.0
patient,0.0
patience,0.0
pathway,0.0
pathetic,0.0
path,0.0
paternal,0.0
patch,0.0
pat,0.0
pasty,0.0
pastry,0.0
pastoral,0.0
pasta,0.0
passport,0.0
pc,0.0
peace,0.0
pepsi,0.0
peaceful,0.0
pepper,0.0
people,0.0
pension,0.0
pennington,0.0
pending,0.0
pendent,0.0
pencil,0.0
penang,0.0
penalty,0.0
pen,0.0
pellet,0.0
peeve,0.0
peer,0.0
peep,0.0
peel,0.0
pee,0.0
pedestal,0.0
peaty,0.0
peasant,0.0
pear,0.0
peanut,0.0
peak,0.0
peacetime,0.0
physical,0.0
physically,0.0
politician,0.0
plunge,0.0
plum,0.0
plug,0.0
plough,0.0
plot,0.0
plod,0.0
plenty,0.0
pleasure,0.0
please,0.0
pleasantly,0.0
pleasant,0.0
plead,0.0
playstation,0.0
playing,0.0
playground,0.0
player,0.0
play,0.0
platform,0.0
plate,0.0
plat,0.0
plastic,0.0
plant,0.0
planning,0.0
planner,0.0
plump,0.0
plus,0.0
plank,0.0
plush,0.0
political,0.0
politely,0.0
polite,0.0
polish,0.0
policy,0.0
policeman,0.0
police,0.0
polarisation,0.0
poland,0.0
pokemon,0.0
poke,0.0
poisoning,0.0
poison,0.0
pointless,0.0
point,0.0
poetry,0.0
poem,0.0
podcasts,0.0
podcast,0.0
pocket,0.0
poached,0.0
prompt,0.0
plymouth,0.0
planned,0.0
planet,0.0
physio,0.0
pimple,0.0
pillow,0.0
pillar,0.0
pill,0.0
pile,0.0
piggy,0.0
pig,0.0
piercing,0.0
pierce,0.0
pier,0.0
piece,0.0
pie,0.0
picture,0.0
picky,0.0
pickle,0.0
picking,0.0
pick,0.0
piccadilly,0.0
pic,0.0
piano,0.0
physiotherapy,0.0
physiotherapist,0.0
physiology,0.0
physiological,0.0
pilot,0.0
pin,0.0
plane,0.0
pineapple,0.0
plait,0.0
plaintiff,0.0
plain,0.0
placement,0.0
placebo,0.0
place,0.0
pizzas,0.0
pizza,0.0
pivotal,0.0
pivot,0.0
pity,0.0
pitta,0.0
pitch,0.0
pit,0.0
piss,0.0
pirate,0.0
piper,0.0
pipe,0.0
pip,0.0
pious,0.0
pint,0.0
pinpoint,0.0
ping,0.0
promotional,0.0
protectiveness,0.0
promptly,0.0
relieved,0.0
rely,0.0
reluctantly,0.0
reluctant,0.0
reluctance,0.0
relocation,0.0
relocate,0.0
relived,0.0
relive,0.0
relish,0.0
religious,0.0
religion,0.0
relieve,0.0
remainder,0.0
relief,0.0
reliant,0.0
reliance,0.0
reliable,0.0
relevant,0.0
relentlessly,0.0
relent,0.0
release,0.0
relay,0.0
relaxing,0.0
relaxes,0.0
remain,0.0
remains,0.0
redundant,0.0
renew,0.0
repeating,0.0
repeatedly,0.0
repeat,0.0
repair,0.0
rep,0.0
reopen,0.0
rented,0.0
rent,0.0
renovation,0.0
renovate,0.0
renewal,0.0
render,0.0
remark,0.0
remove,0.0
removal,0.0
remotely,0.0
remote,0.0
remorse,0.0
reminisce,0.0
reminds,0.0
reminder,0.0
remind,0.0
remembers,0.0
remember,0.0
relaxed,0.0
relax,0.0
relatively,0.0
refocus,0.0
regardless,0.0
regard,0.0
regain,0.0
reg,0.0
refuse,0.0
refusal,0.0
refurbishment,0.0
refund,0.0
refugee,0.0
refresh,0.0
refrain,0.0
reflux,0.0
relative,0.0
reflective,0.0
reflection,0.0
reflect,0.0
refine,0.0
refill,0.0
referral,0.0
referencing,0.0
reference,0.0
refer,0.0
ref,0.0
reemerging,0.0
region,0.0
regional,0.0
register,0.0
registration,0.0
relationships,0.0
relationship,0.0
relation,0.0
related,0.0
relate,0.0
relapse,0.0
rejuvenate,0.0
rejoice,0.0
rejection,0.0
reject,0.0
reiterate,0.0
reinforce,0.0
reheat,0.0
rehearse,0.0
rehearsal,0.0
regurgitate,0.0
regulation,0.0
regulated,0.0
regularly,0.0
regular,0.0
regretful,0.0
regret,0.0
regress,0.0
repercussion,0.0
repetitive,0.0
replace,0.0
restore,0.0
retaliation,0.0
retaliate,0.0
retainer,0.0
retail,0.0
resume,0.0
result,0.0
resubmission,0.0
restrictive,0.0
restriction,0.0
restrict,0.0
restraint,0.0
restock,0.0
respective,0.0
restless,0.0
restaurant,0.0
restart,0.0
rest,0.0
responsible,0.0
responsibility,0.0
response,0.0
respond,0.0
respite,0.0
respiratory,0.0
respiration,0.0
rethink,0.0
rethinking,0.0
retinol,0.0
retire,0.0
revue,0.0
revolve,0.0
revive,0.0
revisit,0.0
revision,0.0
revising,0.0
revised,0.0
revise,0.0
reviewing,0.0
reviewer,0.0
review,0.0
revert,0.0
reverse,0.0
revenue,0.0
revenge,0.0
revelation,0.0
reveal,0.0
reusable,0.0
reunite,0.0
returning,0.0
return,0.0
retrieve,0.0
retreat,0.0
respectively,0.0
respectful,0.0
replaceable,0.0
repression,0.0
research,0.0
rescuer,0.0
rescue,0.0
reschedule,0.0
requirement,0.0
required,0.0
require,0.0
request,0.0
reputation,0.0
republic,0.0
reprimand,0.0
reposition,0.0
respect,0.0
reporting,0.0
report,0.0
replying,0.0
reply,0.0
replied,0.0
replicate,0.0
replica,0.0
repletion,0.0
replenish,0.0
replay,0.0
replacement,0.0
researcher,0.0
researching,0.0
resection,0.0
resemble,0.0
resourceful,0.0
resource,0.0
resort,0.0
resonate,0.0
resolve,0.0
resistant,0.0
resistance,0.0
resilient,0.0
resilience,0.0
resignation,0.0
resign,0.0
residential,0.0
resident,0.0
residence,0.0
reside,0.0
reset,0.0
reservoir,0.0
reserved,0.0
reserve,0.0
reservation,0.0
resentment,0.0
resentful,0.0
resent,0.0
reel,0.0
redundancy,0.0
proof,0.0
qualify,0.0
queue,0.0
questionnaire,0.0
question,0.0
ques,0.0
query,0.0
queen,0.0
que,0.0
quarter,0.0
quarantine,0.0
quantity,0.0
quality,0.0
qualification,0.0
quick,0.0
python,0.0
pyjama,0.0
puzzle,0.0
put,0.0
push,0.0
pursue,0.0
purse,0.0
purposefully,0.0
purposeful,0.0
purpose,0.0
purple,0.0
quiche,0.0
quicker,0.0
reduction,0.0
racist,0.0
raise,0.0
rainy,0.0
rainbows,0.0
rain,0.0
railway,0.0
rage,0.0
radiographer,0.0
radioactive,0.0
radio,0.0
radiator,0.0
rack,0.0
racism,0.0
quickly,0.0
race,0.0
rabbit,0.0
quran,0.0
quote,0.0
quoin,0.0
quit,0.0
quintessential,0.0
quinoa,0.0
quilt,0.0
quietly,0.0
quiet,0.0
purge,0.0
purely,0.0
pure,0.0
protagonist,0.0
provide,0.0
proven,0.0
prove,0.0
proud,0.0
protocol,0.0
protest,0.0
protein,0.0
passionate,0.0
protective,0.0
protection,0.0
protect,0.0
prospective,0.0
purchase,0.0
prospect,0.0
proprietary,0.0
propose,0.0
proposal,0.0
proportion,0.0
property,0.0
properly,0.0
proper,0.0
propel,0.0
propagate,0.0
prop,0.0
provision,0.0
provoke,0.0
prudent,0.0
psychiatrist,0.0
pupils,0.0
pupil,0.0
punishment,0.0
punish,0.0
punch,0.0
pumpkin,0.0
pump,0.0
pull,0.0
puffy,0.0
puff,0.0
pudding,0.0
publish,0.0
publication,0.0
public,0.0
pub,0.0
pt,0.0
psychotic,0.0
psychosomatic,0.0
psychosis,0.0
psychology,0.0
psychologist,0.0
psychologically,0.0
psychological,0.0
raised,0.0
raisin,0.0
rally,0.0
recent,0.0
recommence,0.0
recognize,0.0
recognise,0.0
reckon,0.0
reckless,0.0
recite,0.0
reciprocate,0.0
recipient,0.0
recipe,0.0
receptionist,0.0
reception,0.0
receiver,0.0
reasonably,0.0
received,0.0
receive,0.0
recap,0.0
recall,0.0
rebuild,0.0
rebellion,0.0
rebalanced,0.0
reassuring,0.0
reassured,0.0
reassurance,0.0
reassess,0.0
recommend,0.0
reconcile,0.0
reconsider,0.0
record,0.0
reduce,0.0
redstart,0.0
redirect,0.0
redefine,0.0
redecorate,0.0
red,0.0
recycling,0.0
recycle,0.0
recur,0.0
recuperate,0.0
rectify,0.0
rectangle,0.0
recruitment,0.0
recruit,0.0
recreational,0.0
recreation,0.0
recreate,0.0
recovery,0.0
recover,0.0
recount,0.0
recording,0.0
recorder,0.0
recorded,0.0
reasoning,0.0
reasonable,0.0
ram,0.0
rape,0.0
rational,0.0
rating,0.0
rate,0.0
rat,0.0
raspberry,0.0
rash,0.0
rarely,0.0
rare,0.0
rapport,0.0
rapidly,0.0
rapid,0.0
rant,0.0
reason,0.0
range,0.0
rang,0.0
randomly,0.0
random,0.0
rand,0.0
ranch,0.0
ran,0.0
ramen,0.0
rambling,0.0
ramble,0.0
ramadan,0.0
rationality,0.0
rationally,0.0
raw,0.0
ray,0.0
rearrange,0.0
rear,0.0
reappear,0.0
realizing,0.0
realize,0.0
realization,0.0
reality,0.0
realistically,0.0
realistic,0.0
realist,0.0
realised,0.0
realise,0.0
realisation,0.0
real,0.0
reaffirm,0.0
ready,0.0
reading,0.0
readied,0.0
reader,0.0
read,0.0
reaction,0.0
react,0.0
reach,0.0
passive,0.0
paris,0.0
passion,0.0
meet,0.0
memoir,0.0
memo,0.0
membrane,0.0
member,0.0
meltdown,0.0
melon,0.0
melba,0.0
meg,0.0
meetups,0.0
meetup,0.0
meeting,0.0
medium,0.0
meat,0.0
meditation,0.0
meditate,0.0
mediocre,0.0
medicine,0.0
medication,0.0
medical,0.0
medias,0.0
medal,0.0
mechanism,0.0
mechanic,0.0
mech,0.0
memory,0.0
men,0.0
menagerie,0.0
mend,0.0
messiah,0.0
messenger,0.0
message,0.0
mess,0.0
merry,0.0
merit,0.0
meringues,0.0
merge,0.0
merely,0.0
mere,0.0
meow,0.0
menu,0.0
mentorship,0.0
mentor,0.0
mentioned,0.0
mention,0.0
mentally,0.0
mentality,0.0
mental,0.0
menstruation,0.0
menstrual,0.0
meningitis,0.0
menial,0.0
meatball,0.0
measuring,0.0
marinate,0.0
masculine,0.0
matching,0.0
match,0.0
mat,0.0
master,0.0
massively,0.0
massive,0.0
massage,0.0
mass,0.0
masks,0.0
mask,0.0
mash,0.0
mascara,0.0
measure,0.0
martyrdom,0.0
marsala,0.0
marry,0.0
married,0.0
marriage,0.0
marmite,0.0
marking,0.0
marketplace,0.0
market,0.0
marker,0.0
mark,0.0
matchup,0.0
mate,0.0
material,0.0
materialise,0.0
meanwhile,0.0
meantime,0.0
meant,0.0
meaningless,0.0
meaningful,0.0
meaning,0.0
mean,0.0
meal,0.0
meagre,0.0
mcdonald,0.0
mccoy,0.0
mayonnaise,0.0
mayo,0.0
mayhem,0.0
maybe,0.0
maximum,0.0
maximise,0.0
max,0.0
mature,0.0
matter,0.0
matsu,0.0
math,0.0
maternity,0.0
messy,0.0
meter,0.0
methodology,0.0
misunderstand,0.0
mobility,0.0
mobilise,0.0
mobile,0.0
mixture,0.0
mixing,0.0
mixer,0.0
mixed,0.0
mix,0.0
mitigate,0.0
mitch,0.0
misunderstood,0.0
mistrust,0.0
metro,0.0
mistakenly,0.0
mistake,0.0
mist,0.0
mission,0.0
missing,0.0
miss,0.0
miso,0.0
mislead,0.0
misinterpret,0.0
misinformation,0.0
misheard,0.0
mocha,0.0
mock,0.0
mode,0.0
model,0.0
monk,0.0
monitor,0.0
monger,0.0
money,0.0
monetary,0.0
monetarily,0.0
monday,0.0
mon,0.0
momentum,0.0
momentary,0.0
momentarily,0.0
moment,0.0
mole,0.0
mojo,0.0
moisturize,0.0
moisturising,0.0
moisturisers,0.0
moisturiser,0.0
moisturise,0.0
module,0.0
modern,0.0
moderation,0.0
modelling,0.0
misfortune,0.0
misery,0.0
miserable,0.0
million,0.0
mill,0.0
milkshake,0.0
milk,0.0
milestone,0.0
mile,0.0
mildly,0.0
mild,0.0
mike,0.0
migration,0.0
might,0.0
miff,0.0
midwife,0.0
midweek,0.0
midst,0.0
midnight,0.0
middle,0.0
midday,0.0
mid,0.0
microwave,0.0
microsoft,0.0
micro,0.0
miami,0.0
mexican,0.0
millibar,0.0
min,0.0
misdiagnosed,0.0
minced,0.0
miscarriage,0.0
mirror,0.0
mirin,0.0
miranda,0.0
miracle,0.0
minute,0.0
mint,0.0
minstrel,0.0
minor,0.0
minimum,0.0
minimise,0.0
minimal,0.0
miniature,0.0
mini,0.0
mingle,0.0
ming,0.0
mine,0.0
mindset,0.0
mindless,0.0
mindfulness,0.0
mindful,0.0
mind,0.0
mincemeat,0.0
mario,0.0
marinade,0.0
passing,0.0
list,0.0
living,0.0
livid,0.0
liverpool,0.0
livelihood,0.0
little,0.0
literature,0.0
literally,0.0
literal,0.0
listening,0.0
listener,0.0
listen,0.0
liquid,0.0
limb,0.0
lipstick,0.0
lip,0.0
link,0.0
lingering,0.0
linger,0.0
ling,0.0
line,0.0
limp,0.0
limited,0.0
limitation,0.0
limit,0.0
livingstone,0.0
load,0.0
loads,0.0
loaf,0.0
lonely,0.0
loneliness,0.0
london,0.0
logo,0.0
logistics,0.0
logistical,0.0
logically,0.0
logical,0.0
logic,0.0
logbook,0.0
log,0.0
loft,0.0
lodger,0.0
locum,0.0
lockheed,0.0
lockdown,0.0
lock,0.0
location,0.0
locate,0.0
local,0.0
loathsome,0.0
loathe,0.0
loan,0.0
limbo,0.0
likewise,0.0
mariana,0.0
lem,0.0
lesser,0.0
lessen,0.0
lentil,0.0
lenses,0.0
lens,0.0
lengthy,0.0
length,0.0
lend,0.0
lems,0.0
lemonade,0.0
lemon,0.0
leith,0.0
likely,0.0
leisurely,0.0
leisure,0.0
leipzig,0.0
legs,0.0
legitimately,0.0
legging,0.0
legally,0.0
legal,0.0
legacy,0.0
leg,0.0
leftover,0.0
lesson,0.0
let,0.0
lethal,0.0
lethargic,0.0
lightly,0.0
lighting,0.0
lighthearted,0.0
lighter,0.0
light,0.0
lifting,0.0
lift,0.0
lifetime,0.0
lifestyle,0.0
lie,0.0
lid,0.0
library,0.0
liberty,0.0
liberate,0.0
liberal,0.0
liar,0.0
liable,0.0
lewis,0.0
level,0.0
leukaemia,0.0
lettuce,0.0
letterbox,0.0
letter,0.0
loner,0.0
long,0.0
longer,0.0
maldives,0.0
management,0.0
manageable,0.0
manage,0.0
man,0.0
mambo,0.0
mam,0.0
malta,0.0
malt,0.0
mall,0.0
malfunction,0.0
male,0.0
malaysia,0.0
longs,0.0
malawi,0.0
making,0.0
makeup,0.0
maker,0.0
majorly,0.0
majority,0.0
major,0.0
maisonette,0.0
maintenance,0.0
maintain,0.0
mainly,0.0
manager,0.0
managing,0.0
manchester,0.0
mandarin,0.0
march,0.0
mar,0.0
maple,0.0
map,0.0
many,0.0
manufacture,0.0
manual,0.0
mantra,0.0
manner,0.0
mann,0.0
manisa,0.0
manipulate,0.0
manila,0.0
manifesting,0.0
manifestation,0.0
manifest,0.0
manic,0.0
mania,0.0
mango,0.0
manger,0.0
mange,0.0
mandatory,0.0
mandate,0.0
main,0.0
mailbox,0.0
mail,0.0
luckily,0.0
lower,0.0
loving,0.0
lovely,0.0
loved,0.0
love,0.0
loudly,0.0
loud,0.0
lottery,0.0
lotion,0.0
lot,0.0
lost,0.0
loss,0.0
losing,0.0
loser,0.0
lose,0.0
lord,0.0
looser,0.0
loose,0.0
loophole,0.0
loop,0.0
loom,0.0
lookup,0.0
loo,0.0
luck,0.0
lucky,0.0
maidstone,0.0
lucy,0.0
maid,0.0
magnify,0.0
magnet,0.0
magical,0.0
magazine,0.0
madness,0.0
mad,0.0
mackerel,0.0
machine,0.0
macdonald,0.0
macaroni,0.0
mabel,0.0
lyrical,0.0
luxury,0.0
luxuriously,0.0
lurker,0.0
lunge,0.0
lung,0.0
lunchtime,0.0
lunch,0.0
lump,0.0
lull,0.0
luddite,0.0
monotonous,0.0
monster,0.0
month,0.0
optimal,0.0
organ,0.0
oregano,0.0
ordinary,0.0
ordered,0.0
order,0.0
ordeal,0.0
orange,0.0
oracle,0.0
option,0.0
optimistic,0.0
optimise,0.0
opticians,0.0
open,0.0
opt,0.0
oppressive,0.0
opposite,0.0
opposed,0.0
oppose,0.0
opportunity,0.0
opinion,0.0
operator,0.0
operate,0.0
openness,0.0
openly,0.0
organic,0.0
organisation,0.0
organise,0.0
organization,0.0
outrageous,0.0
outrage,0.0
outpatient,0.0
outlook,0.0
outline,0.0
outlet,0.0
outfit,0.0
outer,0.0
outdoors,0.0
outdoor,0.0
outdated,0.0
outcome,0.0
outburst,0.0
outbreak,0.0
otherwise,0.0
others,0.0
osteopath,0.0
originally,0.0
original,0.0
origin,0.0
oriented,0.0
orient,0.0
organize,0.0
opening,0.0
ooh,0.0
monthly,0.0
occupation,0.0
offence,0.0
odyssey,0.0
odometer,0.0
odds,0.0
odd,0.0
october,0.0
ocean,0.0
occur,0.0
occupy,0.0
occupies,0.0
occupational,0.0
occasionally,0.0
onward,0.0
occasional,0.0
occasion,0.0
obviously,0.0
obvious,0.0
obtain,0.0
obsessively,0.0
obsessive,0.0
obsession,0.0
obsessed,0.0
obsess,0.0
observe,0.0
offensive,0.0
offer,0.0
office,0.0
officer,0.0
onto,0.0
ont,0.0
onslaught,0.0
online,0.0
onion,0.0
ongoing,0.0
one,0.0
oncology,0.0
omelette,0.0
olympic,0.0
olympiad,0.0
olives,0.0
olive,0.0
oligarchy,0.0
older,0.0
old,0.0
oil,0.0
ohio,0.0
oftentimes,0.0
often,0.0
offline,0.0
officially,0.0
official,0.0
outreach,0.0
outright,0.0
outside,0.0
panicked,0.0
paralysis,0.0
paralyse,0.0
parallel,0.0
parade,0.0
paracetamol,0.0
paprika,0.0
paperwork,0.0
paper,0.0
pantry,0.0
pant,0.0
panicky,0.0
panic,0.0
outsider,0.0
pang,0.0
panel,0.0
pancake,0.0
pan,0.0
pamela,0.0
palpable,0.0
palliative,0.0
pale,0.0
palace,0.0
pal,0.0
pakistani,0.0
paramedic,0.0
paranoia,0.0
paranoid,0.0
parcel,0.0
passer,0.0
passage,0.0
pas,0.0
party,0.0
partnership,0.0
partner,0.0
partly,0.0
particularly,0.0
particular,0.0
participation,0.0
participate,0.0
participant,0.0
partially,0.0
partial,0.0
part,0.0
parsley,0.0
parliament,0.0
parkinson,0.0
parking,0.0
park,0.0
rhythm,0.0
parental,0.0
parent,0.0
pair,0.0
painting,0.0
paint,0.0
overtake,0.0
overstate,0.0
oversized,0.0
overshadow,0.0
oversensitive,0.0
oversee,0.0
overseas,0.0
override,0.0
overreact,0.0
overpower,0.0
overnight,0.0
overly,0.0
overlook,0.0
overlaid,0.0
overhear,0.0
overground,0.0
overflow,0.0
overeat,0.0
overdraft,0.0
overdose,0.0
overcome,0.0
overbear,0.0
overall,0.0
oven,0.0
oversubscribed,0.0
overtime,0.0
painkiller,0.0
overweight,0.0
painful,0.0
pain,0.0
page,0.0
pad,0.0
packet,0.0
packed,0.0
package,0.0
pack,0.0
paced,0.0
pace,0.0
oyster,0.0
oxygen,0.0
oxbridge,0.0
ownership,0.0
owner,0.0
owe,0.0
overworking,0.0
overwork,0.0
overwhelms,0.0
overwhelmingly,0.0
overwhelming,0.0
overwhelmed,0.0
overwhelm,0.0
observation,0.0
obscure,0.0
oblivious,0.0
nan,0.0
natural,0.0
native,0.0
nationalist,0.0
national,0.0
nation,0.0
nasty,0.0
narrow,0.0
narrative,0.0
nappy,0.0
nap,0.0
nannie,0.0
name,0.0
neither,0.0
naked,0.0
naively,0.0
naive,0.0
nail,0.0
nag,0.0
mystic,0.0
mystery,0.0
mutual,0.0
mutter,0.0
mute,0.0
must,0.0
naturally,0.0
nature,0.0
nauseous,0.0
navigate,0.0
neighbour,0.0
negotiate,0.0
negligent,0.0
negligence,0.0
neglect,0.0
negativity,0.0
negatively,0.0
negative,0.0
needy,0.0
neediness,0.0
need,0.0
neck,0.0
necessity,0.0
necessary,0.0
necessarily,0.0
neatly,0.0
neat,0.0
nearly,0.0
nearer,0.0
nearby,0.0
near,0.0
neal,0.0
navy,0.0
mussel,0.0
muslim,0.0
musical,0.0
mourn,0.0
motivation,0.0
motivated,0.0
motivate,0.0
motion,0.0
mother,0.0
mot,0.0
mostly,0.0
moss,0.0
mortgage,0.0
mortality,0.0
morrison,0.0
morris,0.0
morning,0.0
moreover,0.0
morbidity,0.0
morava,0.0
moral,0.0
mop,0.0
moor,0.0
moon,0.0
moody,0.0
mood,0.0
mooch,0.0
mount,0.0
mouse,0.0
music,0.0
mouth,0.0
mushroom,0.0
museum,0.0
muscle,0.0
murder,0.0
mundane,0.0
munch,0.0
mumble,0.0
mum,0.0
multitude,0.0
multiply,0.0
multiplied,0.0
multiple,0.0
multiplayer,0.0
mug,0.0
muesli,0.0
muddy,0.0
mud,0.0
movie,0.0
movements,0.0
movement,0.0
moved,0.0
move,0.0
mouthwash,0.0
neighbourhood,0.0
nephew,0.0
oblivion,0.0
noticeable,0.0
novel,0.0
nov,0.0
nottinghamshire,0.0
nottingham,0.0
notorious,0.0
notion,0.0
notifying,0.0
notify,0.0
notification,0.0
noticed,0.0
noticeably,0.0
notice,0.0
nerdy,0.0
nothing,0.0
notebook,0.0
note,0.0
notably,0.0
nostalgic,0.0
nostalgia,0.0
nose,0.0
nos,0.0
norway,0.0
northern,0.0
north,0.0
novelty,0.0
november,0.0
nowadays,0.0
nowhere,0.0
obligate,0.0
objectively,0.0
objective,0.0
object,0.0
obesity,0.0
obese,0.0
oatmeal,0.0
oat,0.0
nutshell,0.0
nuts,0.0
nutcase,0.0
nut,0.0
nurture,0.0
nursing,0.0
nursery,0.0
nurse,0.0
numerous,0.0
numerical,0.0
numbness,0.0
number,0.0
numb,0.0
nuisance,0.0
nuclear,0.0
norman,0.0
normally,0.0
normality,0.0
nicely,0.0
next,0.0
newspaper,0.0
news,0.0
newness,0.0
newly,0.0
newfound,0.0
newark,0.0
new,0.0
nevertheless,0.0
never,0.0
neutralize,0.0
neuroscience,0.0
neural,0.0
network,0.0
netherlands,0.0
netflix,0.0
netball,0.0
net,0.0
nest,0.0
nervousness,0.0
nervous,0.0
nerve,0.0
nero,0.0
nice,0.0
nicole,0.0
normalcy,0.0
niece,0.0
normal,0.0
norm,0.0
noon,0.0
noodle,0.0
nonetheless,0.0
none,0.0
noncovid,0.0
nonchalant,0.0
non,0.0
nominate,0.0
nomadic,0.0
noisy,0.0
noise,0.0
nod,0.0
nobody,0.0
nikki,0.0
nike,0.0
nighttime,0.0
nightmare,0.0
nightly,0.0
nigh,0.0
niggling,0.0
nigerian,0.0
reward,0.0
ripple,0.0
rib,0.0
trait,0.0
translate,0.0
transition,0.0
transit,0.0
transform,0.0
transfer,0.0
transcription,0.0
transcript,0.0
transcribe,0.0
transactional,0.0
transaction,0.0
tram,0.0
trainer,0.0
transmission,0.0
trainee,0.0
train,0.0
trail,0.0
traffic,0.0
traditionally,0.0
traditional,0.0
tradition,0.0
trader,0.0
tract,0.0
tracksuit,0.0
tracking,0.0
translation,0.0
transmit,0.0
unemployed,0.0
tray,0.0
trick,0.0
tribulation,0.0
trial,0.0
trendy,0.0
tremendous,0.0
trek,0.0
tree,0.0
treatment,0.0
treat,0.0
treadmill,0.0
tread,0.0
travelling,0.0
transparent,0.0
traveller,0.0
travelled,0.0
travel,0.0
traumatised,0.0
traumatic,0.0
traumas,0.0
trauma,0.0
trapped,0.0
trap,0.0
transport,0.0
transpire,0.0
track,0.0
traced,0.0
trace,0.0
tomato,0.0
toothbrush,0.0
toothache,0.0
tool,0.0
tonne,0.0
tonight,0.0
tonic,0.0
toner,0.0
tone,0.0
ton,0.0
tomorrow,0.0
tommy,0.0
tom,0.0
toy,0.0
toll,0.0
tolerate,0.0
tolerant,0.0
tolerance,0.0
told,0.0
toilet,0.0
tofu,0.0
toenail,0.0
toe,0.0
toddler,0.0
today,0.0
toothpaste,0.0
top,0.0
topic,0.0
topnotch,0.0
toxic,0.0
town,0.0
tower,0.0
towel,0.0
towards,0.0
toward,0.0
tourist,0.0
tourism,0.0
tour,0.0
tough,0.0
touchy,0.0
touch,0.0
totter,0.0
totally,0.0
total,0.0
toss,0.0
torturous,0.0
torture,0.0
tortilla,0.0
toronto,0.0
torn,0.0
torch,0.0
topple,0.0
tricky,0.0
tried,0.0
trigger,0.0
uncertain,0.0
unconditional,0.0
uncomfortably,0.0
uncomfortable,0.0
uncles,0.0
unclear,0.0
unclean,0.0
uncle,0.0
unclaimed,0.0
unchecked,0.0
unchangeable,0.0
uncertainty,0.0
uncaring,0.0
ugly,0.0
unbelievably,0.0
unbelievable,0.0
unbearable,0.0
unaware,0.0
unappreciative,0.0
unannounced,0.0
unable,0.0
umbrella,0.0
ultrasound,0.0
ultimately,0.0
ultimate,0.0
unconditionally,0.0
unconnected,0.0
unconsciously,0.0
undecided,0.0
uneasiness,0.0
unease,0.0
undress,0.0
undoubtedly,0.0
undiagnosed,0.0
underweight,0.0
undervalued,0.0
understood,0.0
understanding,0.0
understandably,0.0
understand,0.0
understaffed,0.0
underperformed,0.0
underpaid,0.0
underneath,0.0
underlying,0.0
underline,0.0
underlie,0.0
undergraduate,0.0
undergrad,0.0
undergone,0.0
undercooked,0.0
undelivered,0.0
ukraine,0.0
ugh,0.0
trip,0.0
trust,0.0
tuna,0.0
tumultuous,0.0
tumbleweed,0.0
tuition,0.0
tugging,0.0
tuesday,0.0
tue,0.0
tube,0.0
tub,0.0
truthfully,0.0
truth,0.0
trump,0.0
tyre,0.0
truly,0.0
true,0.0
truck,0.0
trouser,0.0
troublesome,0.0
troubled,0.0
trouble,0.0
trot,0.0
trolley,0.0
trivial,0.0
triple,0.0
tune,0.0
tuned,0.0
tunnel,0.0
tupperware,0.0
typically,0.0
typical,0.0
type,0.0
two,0.0
twitter,0.0
twist,0.0
twin,0.0
twice,0.0
twenty,0.0
tweak,0.0
twat,0.0
tutoring,0.0
tutorial,0.0
tutor,0.0
tussle,0.0
turtle,0.0
turning,0.0
turned,0.0
turn,0.0
turmoil,0.0
turkish,0.0
turkey,0.0
turbulent,0.0
toast,0.0
tito,0.0
title,0.0
taunt,0.0
team,0.0
tealight,0.0
teacup,0.0
teaching,0.0
teacher,0.0
teach,0.0
tea,0.0
taxpayer,0.0
taxi,0.0
taxed,0.0
tax,0.0
taught,0.0
tandoori,0.0
tasty,0.0
taste,0.0
tartrate,0.0
tarlac,0.0
target,0.0
tape,0.0
tap,0.0
tantrums,0.0
tantrum,0.0
tank,0.0
tangled,0.0
teapot,0.0
tear,0.0
tearful,0.0
teary,0.0
ten,0.0
tempt,0.0
temporary,0.0
temporarily,0.0
template,0.0
temperature,0.0
temper,0.0
temp,0.0
telly,0.0
tell,0.0
television,0.0
telephonic,0.0
telephone,0.0
teeth,0.0
teenager,0.0
teenage,0.0
tedious,0.0
ted,0.0
technique,0.0
technician,0.0
technically,0.0
technical,0.0
tech,0.0
tangent,0.0
talkie,0.0
tenant,0.0
swede,0.0
swipe,0.0
swing,0.0
swimming,0.0
swim,0.0
swiftly,0.0
swell,0.0
sweetie,0.0
sweetcorn,0.0
sweet,0.0
swedish,0.0
sweden,0.0
sweatshirt,0.0
talked,0.0
sweating,0.0
sweater,0.0
swearing,0.0
sway,0.0
swapping,0.0
swap,0.0
swan,0.0
swallow,0.0
swab,0.0
sustainable,0.0
sustainability,0.0
swiss,0.0
switch,0.0
sympathetic,0.0
sympathise,0.0
taliban,0.0
talent,0.0
tale,0.0
taking,0.0
takeout,0.0
takeaway,0.0
taiwan,0.0
tail,0.0
tagliatelle,0.0
tag,0.0
tactfully,0.0
tackle,0.0
tack,0.0
tablet,0.0
tablespoon,0.0
table,0.0
tab,0.0
system,0.0
syrup,0.0
syndrome,0.0
symptomatic,0.0
symptom,0.0
sympathy,0.0
tenancy,0.0
tend,0.0
tissue,0.0
throw,0.0
tick,0.0
thyroid,0.0
thyme,0.0
thus,0.0
thursday,0.0
thurs,0.0
thunderstorm,0.0
thug,0.0
thrust,0.0
thru,0.0
thrown,0.0
throughout,0.0
thoroughly,0.0
throat,0.0
thrive,0.0
thrice,0.0
threw,0.0
three,0.0
threaten,0.0
threat,0.0
thread,0.0
thousand,0.0
thoughts,0.0
thought,0.0
ticket,0.0
tidy,0.0
tie,0.0
tier,0.0
tiring,0.0
tiredness,0.0
tired,0.0
tire,0.0
tiptoe,0.0
tip,0.0
tiny,0.0
tinsel,0.0
tin,0.0
timing,0.0
timetabling,0.0
timetable,0.0
timer,0.0
timely,0.0
timeline,0.0
till,0.0
tile,0.0
til,0.0
tightly,0.0
tighter,0.0
tighten,0.0
tight,0.0
tiger,0.0
though,0.0
thorough,0.0
tendency,0.0
terrify,0.0
texts,0.0
texting,0.0
texted,0.0
textbook,0.0
text,0.0
testosterone,0.0
testing,0.0
testable,0.0
test,0.0
terror,0.0
terrifying,0.0
terrifies,0.0
thomas,0.0
terribly,0.0
terrible,0.0
terminology,0.0
terminate,0.0
term,0.0
tepid,0.0
tent,0.0
tension,0.0
tense,0.0
tends,0.0
tender,0.0
thai,0.0
thames,0.0
thank,0.0
thankful,0.0
tho,0.0
thirsty,0.0
thirdly,0.0
third,0.0
thinks,0.0
thinking,0.0
thinker,0.0
thin,0.0
thicker,0.0
thesis,0.0
thesaurus,0.0
thermometer,0.0
therefore,0.0
thereafter,0.0
therapy,0.0
therapist,0.0
therapeutic,0.0
theory,0.0
themed,0.0
theme,0.0
theft,0.0
thanks,0.0
thankfully,0.0
uneasy,0.0
unemployment,0.0
rice,0.0
webinars,0.0
weep,0.0
weekly,0.0
weekend,0.0
weekday,0.0
wee,0.0
wednesday,0.0
wedge,0.0
wedding,0.0
wed,0.0
website,0.0
webpage,0.0
webinar,0.0
weight,0.0
weather,0.0
wearing,0.0
wear,0.0
wean,0.0
wealthy,0.0
wealth,0.0
weakness,0.0
weakly,0.0
weakened,0.0
weak,0.0
way,0.0
weigh,0.0
weird,0.0
unexpected,0.0
whats,0.0
whilst,0.0
whichever,0.0
whether,0.0
wherever,0.0
whereas,0.0
whenever,0.0
wheeze,0.0
wheelchair,0.0
wheel,0.0
wheat,0.0
whatsoever,0.0
whatever,0.0
weirdly,0.0
wettable,0.0
wet,0.0
westminster,0.0
western,0.0
west,0.0
welling,0.0
well,0.0
welfare,0.0
welder,0.0
welcoming,0.0
welcome,0.0
wax,0.0
watson,0.0
waterworks,0.0
wall,0.0
war,0.0
wanting,0.0
wanted,0.0
wane,0.0
wander,0.0
wand,0.0
wan,0.0
walnut,0.0
wallow,0.0
wallets,0.0
wallet,0.0
walking,0.0
waterproof,0.0
walker,0.0
walked,0.0
walk,0.0
wake,0.0
waitress,0.0
waiting,0.0
waite,0.0
wait,0.0
waisted,0.0
wagon,0.0
wage,0.0
ward,0.0
wardrobe,0.0
warehouse,0.0
warm,0.0
watermelon,0.0
watering,0.0
watergate,0.0
water,0.0
watching,0.0
watch,0.0
wasting,0.0
wasted,0.0
waste,0.0
wastage,0.0
washroom,0.0
washing,0.0
washer,0.0
washed,0.0
wash,0.0
wary,0.0
warp,0.0
warning,0.0
warn,0.0
warmth,0.0
warmongering,0.0
warming,0.0
warmer,0.0
whisky,0.0
white,0.0
whiteboard,0.0
worthlessness,0.0
wrong,0.0
writing,0.0
write,0.0
wrist,0.0
wreck,0.0
wrap,0.0
wracking,0.0
wrack,0.0
wow,0.0
wound,0.0
worthy,0.0
worthless,0.0
working,0.0
worth,0.0
worship,0.0
worsen,0.0
worse,0.0
worryingly,0.0
worrying,0.0
worried,0.0
world,0.0
workshop,0.0
workplace,0.0
workout,0.0
xmas,0.0
yard,0.0
yarn,0.0
yea,0.0
zone,0.0
zombie,0.0
zit,0.0
zero,0.0
zealand,0.0
zara,0.0
youtube,0.0
youth,0.0
young,0.0
yorkshire,0.0
york,0.0
yolk,0.0
yogurt,0.0
yoghurt,0.0
yoga,0.0
yet,0.0
yesterday,0.0
yes,0.0
yenisey,0.0
yellow,0.0
yell,0.0
yeast,0.0
yeah,0.0
workload,0.0
worker,0.0
whoever,0.0
win,0.0
wise,0.0
wireless,0.0
wipe,0.0
winter,0.0
wing,0.0
wine,0.0
windy,0.0
windowsill,0.0
windows,0.0
window,0.0
wind,0.0
willingness,0.0
workaholic,0.0
willing,0.0
wilkes,0.0
wild,0.0
wiki,0.0
wifi,0.0
wife,0.0
wider,0.0
wide,0.0
whose,0.0
wholly,0.0
whole,0.0
wisely,0.0
wish,0.0
wishing,0.0
wit,0.0
work,0.0
wore,0.0
word,0.0
woolly,0.0
wool,0.0
woodland,0.0
wooden,0.0
wood,0.0
wont,0.0
wonderful,0.0
wonder,0.0
woman,0.0
wolf,0.0
woke,0.0
woe,0.0
wobble,0.0
witness,0.0
withstand,0.0
without,0.0
withing,0.0
within,0.0
withdrawal,0.0
withdraw,0.0
waddle,0.0
wad,0.0
vulnerable,0.0
unstoppable,0.0
unwell,0.0
unwelcome,0.0
unwanted,0.0
unusual,0.0
unto,0.0
untidy,0.0
unsurprising,0.0
unsure,0.0
unsupported,0.0
unsuccessful,0.0
unstructured,0.0
unstable,0.0
unpopular,0.0
unsociable,0.0
unsettle,0.0
unsatisfied,0.0
unsafe,0.0
unresolvable,0.0
unrequited,0.0
unreliable,0.0
unreasonable,0.0
unrealistic,0.0
unproductive,0.0
unpredictable,0.0
unwilling,0.0
unwind,0.0
unwise,0.0
unworthy,0.0
usable,0.0
urinary,0.0
urgently,0.0
urgent,0.0
urgency,0.0
urge,0.0
upwards,0.0
upstairs,0.0
upsetting,0.0
ups,0.0
upper,0.0
upon,0.0
uploaded,0.0
upload,0.0
uplifting,0.0
uplift,0.0
uphold,0.0
uphill,0.0
upgrading,0.0
upgrade,0.0
update,0.0
upcoming,0.0
upbeat,0.0
unprecedented,0.0
unplug,0.0
used,0.0
unhappy,0.0
uninviting,0.0
uninvited,0.0
uninterested,0.0
unintentional,0.0
unimportant,0.0
unimaginable,0.0
uniform,0.0
unicorn,0.0
uni,0.0
unhelpful,0.0
unhealthy,0.0
ungrounded,0.0
unpleasant,0.0
ungrateful,0.0
unfurnished,0.0
unfortunately,0.0
unfortunate,0.0
unforgiving,0.0
unforeseen,0.0
unfinished,0.0
unfamiliar,0.0
unfairness,0.0
unfair,0.0
unexpectedly,0.0
union,0.0
unique,0.0
unis,0.0
unit,0.0
unpacked,0.0
unpack,0.0
unnecessary,0.0
unnecessarily,0.0
unnatural,0.0
unmoving,0.0
unmotivated,0.0
unlucky,0.0
unlock,0.0
unload,0.0
unlimited,0.0
unlikely,0.0
unlike,0.0
unless,0.0
unlearn,0.0
unknown,0.0
unknowingly,0.0
unkind,0.0
unjust,0.0
university,0.0
universal,0.0
united,0.0
unite,0.0
use,0.0
useful,0.0
vulnerability,0.0
vinegar,0.0
virtue,0.0
virtually,0.0
virtual,0.0
virginia,0.0
virgin,0.0
viral,0.0
violent,0.0
violence,0.0
violates,0.0
violated,0.0
violate,0.0
village,0.0
victim,0.0
vigorous,0.0
vigilant,0.0
viewing,0.0
viewed,0.0
view,0.0
videotape,0.0
videos,0.0
vide,0.0
victory,0.0
victoria,0.0
victimize,0.0
virus,0.0
visa,0.0
viscerally,0.0
viscous,0.0
vowel,0.0
voucher,0.0
vomit,0.0
volunteering,0.0
volunteer,0.0
voluntary,0.0
voluntarily,0.0
volcano,0.0
void,0.0
voice,0.0
vocalise,0.0
vocal,0.0
viva,0.0
vitamin,0.0
vital,0.0
visualise,0.0
visor,0.0
visitor,0.0
visiting,0.0
visit,0.0
vision,0.0
visibly,0.0
visible,0.0
victimise,0.0
viciously,0.0
useless,0.0
valentine,0.0
varies,0.0
varied,0.0
variant,0.0
vanity,0.0
vanilla,0.0
van,0.0
value,0.0
valuable,0.0
validation,0.0
validate,0.0
valid,0.0
vain,0.0
vicious,0.0
vaguely,0.0
vague,0.0
vacuum,0.0
vaccine,0.0
vaccination,0.0
vaccinate,0.0
utterly,0.0
utter,0.0
usual,0.0
usher,0.0
user,0.0
variety,0.0
various,0.0
vary,0.0
veg,0.0
vicinity,0.0
vice,0.0
vic,0.0
via,0.0
vessel,0.0
versus,0.0
version,0.0
verse,0.0
versa,0.0
verify,0.0
verbally,0.0
verbal,0.0
verb,0.0
venue,0.0
venture,0.0
vent,0.0
venice,0.0
vein,0.0
vehemently,0.0
veggie,0.0
vegetarian,0.0
vegetable,0.0
vegan,0.0
sustain,0.0
suspiciously,0.0
suspicious,0.0
sesame,0.0
severity,0.0
severely,0.0
severe,0.0
severance,0.0
several,0.0
settlement,0.0
settle,0.0
setting,0.0
settee,0.0
set,0.0
session,0.0
serving,0.0
sewer,0.0
service,0.0
serve,0.0
serum,0.0
serotonin,0.0
seriousness,0.0
seriously,0.0
serious,0.0
series,0.0
serial,0.0
serene,0.0
serena,0.0
sew,0.0
sewing,0.0
suspicion,0.0
shameful,0.0
sheaf,0.0
shave,0.0
shattered,0.0
shatter,0.0
sharp,0.0
shareware,0.0
shared,0.0
share,0.0
shard,0.0
shape,0.0
shampoo,0.0
shame,0.0
sex,0.0
sham,0.0
shallowly,0.0
shall,0.0
shaking,0.0
shakily,0.0
shakespeare,0.0
shake,0.0
shadow,0.0
sexually,0.0
sexuality,0.0
sexual,0.0
sequence,0.0
sequela,0.0
september,0.0
sector,0.0
seethe,0.0
seep,0.0
seemingly,0.0
seem,0.0
seeker,0.0
seek,0.0
seeing,0.0
seed,0.0
sedentary,0.0
security,0.0
secure,0.0
section,0.0
sepsis,0.0
secretly,0.0
secretive,0.0
secret,0.0
secondly,0.0
secondary,0.0
second,0.0
seaweed,0.0
seat,0.0
seasoning,0.0
seasonal,0.0
season,0.0
seizure,0.0
seldom,0.0
select,0.0
selection,0.0
separation,0.0
separately,0.0
separate,0.0
sentence,0.0
sent,0.0
sensitivity,0.0
sensitive,0.0
sensible,0.0
sense,0.0
sens,0.0
senior,0.0
send,0.0
seminar,0.0
semi,0.0
semester,0.0
semblance,0.0
selling,0.0
sell,0.0
selflessness,0.0
selfishness,0.0
selfish,0.0
self,0.0
selectively,0.0
shed,0.0
sheer,0.0
sheet,0.0
silver,0.0
simultaneously,0.0
simpson,0.0
simply,0.0
simplify,0.0
simplicity,0.0
simpler,0.0
simple,0.0
similarly,0.0
similarity,0.0
similar,0.0
sim,0.0
silo,0.0
sidetracked,0.0
silly,0.0
silently,0.0
silent,0.0
silence,0.0
significantly,0.0
significant,0.0
signal,0.0
sign,0.0
sigma,0.0
sightseeing,0.0
sightsee,0.0
since,0.0
sincerely,0.0
sincerity,0.0
sing,0.0
skill,0.0
ski,0.0
sketchy,0.0
sketchbook,0.0
skateboard,0.0
size,0.0
sixth,0.0
six,0.0
situation,0.0
situate,0.0
site,0.0
sit,0.0
sister,0.0
siren,0.0
sirach,0.0
sip,0.0
sinus,0.0
sinking,0.0
sink,0.0
singular,0.0
single,0.0
singer,0.0
singapore,0.0
sight,0.0
side,0.0
shelf,0.0
shitty,0.0
shortage,0.0
short,0.0
shops,0.0
shopping,0.0
shopper,0.0
shop,0.0
shoot,0.0
shoe,0.0
shocked,0.0
shock,0.0
shiver,0.0
shit,0.0
sid,0.0
shirt,0.0
ship,0.0
shine,0.0
shiitake,0.0
shift,0.0
shield,0.0
shes,0.0
sheriff,0.0
shelter,0.0
shelley,0.0
shell,0.0
shortbread,0.0
shortcut,0.0
shortlist,0.0
shortly,0.0
sickness,0.0
sicker,0.0
sick,0.0
sibling,0.0
shy,0.0
shuts,0.0
shutdown,0.0
shut,0.0
shun,0.0
shuffle,0.0
shrug,0.0
shroud,0.0
shrink,0.0
shrimp,0.0
shredder,0.0
shrank,0.0
showing,0.0
shower,0.0
show,0.0
shouting,0.0
shout,0.0
shoulder,0.0
shot,0.0
seaside,0.0
searching,0.0
search,0.0
route,0.0
ruminate,0.0
rumba,0.0
rule,0.0
ruin,0.0
rude,0.0
rubbish,0.0
rub,0.0
rowing,0.0
row,0.0
routinely,0.0
routine,0.0
rout,0.0
rose,0.0
roundtrip,0.0
rounded,0.0
roundabout,0.0
round,0.0
roughly,0.0
rough,0.0
rotator,0.0
rotation,0.0
rotate,0.0
rota,0.0
rosy,0.0
ruminating,0.0
run,0.0
running,0.0
runny,0.0
safeness,0.0
safeguarding,0.0
safeguard,0.0
sadness,0.0
sadly,0.0
sadder,0.0
sadden,0.0
sacrifice,0.0
sacred,0.0
sacral,0.0
sack,0.0
sac,0.0
sabbatical,0.0
ruthless,0.0
rusty,0.0
russian,0.0
russia,0.0
russell,0.0
russel,0.0
rushing,0.0
rushed,0.0
rush,0.0
rural,0.0
roses,0.0
root,0.0
safety,0.0
rile,0.0
ritual,0.0
rita,0.0
risotto,0.0
risky,0.0
risk,0.0
rishi,0.0
rise,0.0
leeway,0.0
rip,0.0
rinse,0.0
ring,0.0
rigmarole,0.0
roommate,0.0
rigid,0.0
rightly,0.0
right,0.0
rift,0.0
ridiculous,0.0
ride,0.0
ridden,0.0
rid,0.0
ricotta,0.0
rich,0.0
ricercare,0.0
river,0.0
riverside,0.0
road,0.0
roadway,0.0
room,0.0
rookie,0.0
rooftop,0.0
roof,0.0
romeo,0.0
romantically,0.0
romantic,0.0
romanian,0.0
rollerskating,0.0
rollercoaster,0.0
roll,0.0
role,0.0
rode,0.0
rock,0.0
robustness,0.0
robustly,0.0
robust,0.0
robotic,0.0
robot,0.0
robin,0.0
robe,0.0
rob,0.0
roast,0.0
safer,0.0
sahara,0.0
sear,0.0
scent,0.0
scientific,0.0
science,0.0
sci,0.0
schoolwork,0.0
school,0.0
scholar,0.0
schist,0.0
scheme,0.0
scheduled,0.0
schedule,0.0
sceptical,0.0
scenery,0.0
scar,0.0
scene,0.0
scenario,0.0
scattering,0.0
scattered,0.0
scatter,0.0
scary,0.0
scarily,0.0
scarf,0.0
scared,0.0
scare,0.0
scarcity,0.0
scientist,0.0
scissors,0.0
scope,0.0
score,0.0
sea,0.0
scurry,0.0
scupper,0.0
scrum,0.0
scrub,0.0
scrolling,0.0
scroll,0.0
scripture,0.0
screwed,0.0
screwdriver,0.0
screw,0.0
screen,0.0
screech,0.0
scream,0.0
scratch,0.0
scrape,0.0
scrap,0.0
scramble,0.0
scrabble,0.0
scottish,0.0
scott,0.0
scotland,0.0
scorn,0.0
scarce,0.0
scanner,0.0
sail,0.0
sand,0.0
sanity,0.0
sanitizers,0.0
sanitizer,0.0
sanitize,0.0
sanitising,0.0
sanitise,0.0
sanitation,0.0
sanitary,0.0
sanguine,0.0
sane,0.0
sandwich,0.0
sample,0.0
scan,0.0
sam,0.0
salvage,0.0
salt,0.0
salon,0.0
salmon,0.0
salisbury,0.0
sale,0.0
salary,0.0
salaried,0.0
salad,0.0
sake,0.0
sank,0.0
santa,0.0
sarah,0.0
sat,0.0
scampi,0.0
scammed,0.0
scam,0.0
scalp,0.0
scale,0.0
scald,0.0
saxophone,0.0
saw,0.0
savoury,0.0
saving,0.0
save,0.0
sausage,0.0
saucepan,0.0
sauce,0.0
saturday,0.0
saturation,0.0
saturate,0.0
satsuma,0.0
satisfy,0.0
satisfactory,0.0
satisfaction,0.0
satin,0.0
satiate,0.0
skim,0.0
skin,0.0
skincare,0.0
strangely,0.0
strengthen,0.0
strength,0.0
street,0.0
stream,0.0
streak,0.0
stray,0.0
strawberry,0.0
straw,0.0
strathclyde,0.0
strategy,0.0
stranger,0.0
strange,0.0
stood,0.0
strand,0.0
strainer,0.0
strain,0.0
straightforward,0.0
straight,0.0
strafford,0.0
story,0.0
storm,0.0
store,0.0
storage,0.0
stop,0.0
stressed,0.0
stressful,0.0
stressor,0.0
stretch,0.0
studying,0.0
study,0.0
studio,0.0
student,0.0
stuck,0.0
stubborn,0.0
struggle,0.0
structured,0.0
structure,0.0
struck,0.0
strongly,0.0
strong,0.0
stroll,0.0
stroke,0.0
strive,0.0
strip,0.0
string,0.0
strike,0.0
stride,0.0
strictly,0.0
stricter,0.0
strict,0.0
stretching,0.0
stoop,0.0
stone,0.0
stuffy,0.0
statistically,0.0
steer,0.0
steamroll,0.0
steam,0.0
steal,0.0
steak,0.0
steady,0.0
steadily,0.0
stayed,0.0
stay,0.0
status,0.0
stats,0.0
statistic,0.0
stomach,0.0
stationer,0.0
stationary,0.0
station,0.0
statement,0.0
state,0.0
stat,0.0
starve,0.0
startup,0.0
starting,0.0
starter,0.0
started,0.0
stein,0.0
stella,0.0
stem,0.0
stenographer,0.0
stole,0.0
stoicism,0.0
stoic,0.0
stock,0.0
stitch,0.0
stir,0.0
stipend,0.0
stink,0.0
stinginess,0.0
stimulation,0.0
stimulate,0.0
stilton,0.0
stigmatise,0.0
stiffly,0.0
stiff,0.0
sticky,0.0
sticker,0.0
stick,0.0
stew,0.0
stereotype,0.0
stepfather,0.0
stepdad,0.0
step,0.0
stuff,0.0
stun,0.0
stare,0.0
sunrise,0.0
supplement,0.0
supper,0.0
supervisor,0.0
supervising,0.0
supervise,0.0
supermarket,0.0
superbug,0.0
super,0.0
sunshine,0.0
sunset,0.0
sunscreen,0.0
sunny,0.0
sulk,0.0
sunlight,0.0
sunday,0.0
sunbathe,0.0
sun,0.0
summon,0.0
summertime,0.0
summer,0.0
summary,0.0
summarise,0.0
sum,0.0
sulphur,0.0
supplemental,0.0
supply,0.0
support,0.0
supportive,0.0
suspend,0.0
suspect,0.0
sushi,0.0
survive,0.0
survival,0.0
survey,0.0
surroundings,0.0
surround,0.0
surreal,0.0
surprisingly,0.0
surprising,0.0
surprised,0.0
surprise,0.0
surplus,0.0
surgery,0.0
surgeon,0.0
surge,0.0
surface,0.0
surely,0.0
sure,0.0
suppress,0.0
supposedly,0.0
suppose,0.0
sully,0.0
suited,0.0
stupid,0.0
subscription,0.0
success,0.0
succeed,0.0
suburb,0.0
subtle,0.0
substantive,0.0
substantially,0.0
substantial,0.0
subside,0.0
subsequently,0.0
subsequent,0.0
subsection,0.0
submit,0.0
suite,0.0
submission,0.0
sublet,0.0
subjugate,0.0
subjective,0.0
subject,0.0
subgroup,0.0
subfield,0.0
subconsciously,0.0
subconscious,0.0
style,0.0
stupidly,0.0
successful,0.0
successfully,0.0
suck,0.0
sucker,0.0
suitcase,0.0
suitable,0.0
suitability,0.0
suit,0.0
suicide,0.0
suicidal,0.0
suggestion,0.0
suggest,0.0
sugary,0.0
sugar,0.0
suffocation,0.0
suffocating,0.0
suffocated,0.0
suffocate,0.0
sufficient,0.0
suffice,0.0
suffering,0.0
sufferance,0.0
suffer,0.0
sudoku,0.0
suddenly,0.0
sudden,0.0
sucre,0.0
start,0.0
starbucks,0.0
skinny,0.0
sob,0.0
socially,0.0
socializing,0.0
socialize,0.0
socialization,0.0
socialism,0.0
socialising,0.0
socialise,0.0
socialisation,0.0
social,0.0
sociable,0.0
sober,0.0
soap,0.0
smoothy,0.0
soak,0.0
snuggle,0.0
snowman,0.0
snow,0.0
snore,0.0
snooze,0.0
snippet,0.0
snatch,0.0
snapshot,0.0
snap,0.0
snail,0.0
societal,0.0
society,0.0
sociological,0.0
sociology,0.0
somethings,0.0
something,0.0
someone,0.0
somehow,0.0
someday,0.0
somebody,0.0
soma,0.0
solving,0.0
solved,0.0
solve,0.0
solution,0.0
solitude,0.0
solitary,0.0
solidify,0.0
solidarity,0.0
solid,0.0
solely,0.0
software,0.0
soft,0.0
sofas,0.0
sofa,0.0
soda,0.0
sock,0.0
snack,0.0
smoothie,0.0
somewhat,0.0
sleeping,0.0
slim,0.0
slightly,0.0
slightest,0.0
slight,0.0
slide,0.0
slice,0.0
slept,0.0
sleeved,0.0
sleeve,0.0
sleepy,0.0
sleepless,0.0
sleeper,0.0
smoky,0.0
sleep,0.0
slave,0.0
slap,0.0
slant,0.0
slam,0.0
skyscraper,0.0
skyrocket,0.0
sky,0.0
skulduggery,0.0
skipping,0.0
skip,0.0
slip,0.0
slipper,0.0
slither,0.0
slog,0.0
smoking,0.0
smoke,0.0
smith,0.0
smiley,0.0
smile,0.0
smelt,0.0
smelly,0.0
smelling,0.0
smell,0.0
smash,0.0
smartphones,0.0
smartphone,0.0
smarter,0.0
smart,0.0
small,0.0
smack,0.0
slurring,0.0
sluggish,0.0
slowly,0.0
slow,0.0
slovak,0.0
slough,0.0
slot,0.0
sometime,0.0
somewhere,0.0
star,0.0
spoon,0.0
sprinkle,0.0
spring,0.0
spreadable,0.0
spread,0.0
sprayed,0.0
spray,0.0
spouse,0.0
spotty,0.0
spot,0.0
sport,0.0
sporadically,0.0
spontaneous,0.0
spinach,0.0
sponsorship,0.0
sponsor,0.0
sponge,0.0
spoke,0.0
spoil,0.0
splurge,0.0
split,0.0
splash,0.0
spit,0.0
spiritual,0.0
spirit,0.0
sprint,0.0
square,0.0
squash,0.0
squat,0.0
standstill,0.0
standoff,0.0
standing,0.0
standard,0.0
stand,0.0
stance,0.0
stamp,0.0
stamen,0.0
stall,0.0
stale,0.0
stake,0.0
staircase,0.0
stair,0.0
stagnant,0.0
stage,0.0
stag,0.0
staffroom,0.0
staff,0.0
stable,0.0
stability,0.0
stab,0.0
squish,0.0
squeeze,0.0
spiral,0.0
spill,0.0
son,0.0
sour,0.0
spanner,0.0
spanish,0.0
span,0.0
spain,0.0
spaghetti,0.0
space,0.0
spa,0.0
soy,0.0
south,0.0
sourdough,0.0
source,0.0
soup,0.0
spike,0.0
sounding,0.0
sound,0.0
soul,0.0
sort,0.0
sorry,0.0
sore,0.0
sophisticated,0.0
sooner,0.0
soon,0.0
sony,0.0
song,0.0
spare,0.0
spared,0.0
spark,0.0
sparkling,0.0
spicy,0.0
spent,0.0
spending,0.0
spend,0.0
spencer,0.0
spell,0.0
speedy,0.0
speed,0.0
speech,0.0
specimen,0.0
specified,0.0
specifically,0.0
specific,0.0
specie,0.0
specialness,0.0
specially,0.0
specialist,0.0
special,0.0
speaking,0.0
speaker,0.0
spat,0.0
sparse,0.0
sparkly,0.0
left,0.0
leaf,0.0
leek,0.0
communal,0.0
company,0.0
companionship,0.0
comoros,0.0
commuting,0.0
commute,0.0
community,0.0
communist,0.0
communicator,0.0
communicative,0.0
communication,0.0
communicate,0.0
common,0.0
comparison,0.0
commodity,0.0
committee,0.0
commitment,0.0
commit,0.0
commission,0.0
commiserate,0.0
commercial,0.0
commentary,0.0
comment,0.0
commando,0.0
coming,0.0
compare,0.0
compassion,0.0
contribution,0.0
completion,0.0
compound,0.0
composition,0.0
composed,0.0
compose,0.0
comply,0.0
compliment,0.0
complication,0.0
complicated,0.0
complicate,0.0
complexity,0.0
complex,0.0
completely,0.0
compassionate,0.0
complete,0.0
complaint,0.0
complain,0.0
compile,0.0
compilation,0.0
competitively,0.0
compete,0.0
compensation,0.0
compensate,0.0
compel,0.0
compatible,0.0
comfy,0.0
comforting,0.0
comfortably,0.0
coddle,0.0
coincide,0.0
coin,0.0
cohort,0.0
cohere,0.0
cognitive,0.0
cognisant,0.0
coffin,0.0
coffeehouse,0.0
coffee,0.0
coding,0.0
code,0.0
cod,0.0
comfortable,0.0
cocktail,0.0
coat,0.0
coast,0.0
co,0.0
clutch,0.0
clunking,0.0
clumsy,0.0
clue,0.0
club,0.0
clown,0.0
clove,0.0
coincidentally,0.0
coke,0.0
cold,0.0
colder,0.0
comfort,0.0
comedy,0.0
come,0.0
combined,0.0
combine,0.0
combination,0.0
combed,0.0
combat,0.0
coma,0.0
columbia,0.0
colouring,0.0
colour,0.0
colonise,0.0
college,0.0
collector,0.0
collective,0.0
collection,0.0
collect,0.0
colleague,0.0
collate,0.0
collar,0.0
collapse,0.0
collaborate,0.0
comprehend,0.0
compressing,0.0
compromise,0.0
conspiracy,0.0
consume,0.0
consultation,0.0
consultants,0.0
consultant,0.0
consult,0.0
constructive,0.0
construct,0.0
constraint,0.0
constrain,0.0
constantly,0.0
constant,0.0
consolidate,0.0
consequently,0.0
console,0.0
consisting,0.0
consistently,0.0
consistent,0.0
consistency,0.0
consist,0.0
consideration,0.0
considerate,0.0
considerably,0.0
considerable,0.0
consider,0.0
consuming,0.0
contact,0.0
contagion,0.0
contagious,0.0
contrast,0.0
contrary,0.0
contradictory,0.0
contradiction,0.0
contract,0.0
continuum,0.0
continuously,0.0
continuous,0.0
continued,0.0
continue,0.0
continual,0.0
continental,0.0
continent,0.0
context,0.0
contest,0.0
contentment,0.0
content,0.0
contemporary,0.0
contemplation,0.0
contemplate,0.0
contaminated,0.0
contains,0.0
contain,0.0
conservative,0.0
consequence,0.0
compromising,0.0
concerned,0.0
conference,0.0
confectionery,0.0
conduct,0.0
condolence,0.0
condo,0.0
condition,0.0
concrete,0.0
conclusion,0.0
conclude,0.0
concert,0.0
concerning,0.0
concern,0.0
consciousness,0.0
conceptualise,0.0
concept,0.0
concentration,0.0
concentrate,0.0
conceivably,0.0
concealer,0.0
con,0.0
computer,0.0
computation,0.0
computability,0.0
compulsively,0.0
conferencing,0.0
confess,0.0
confidant,0.0
confide,0.0
consciously,0.0
conscious,0.0
connection,0.0
connected,0.0
connect,0.0
congratulate,0.0
congo,0.0
confusion,0.0
confusing,0.0
confused,0.0
confuse,0.0
confrontation,0.0
confront,0.0
confounder,0.0
conflict,0.0
confirmation,0.0
confirm,0.0
confinement,0.0
confined,0.0
confine,0.0
confidential,0.0
confident,0.0
confidence,0.0
cloudy,0.0
cloud,0.0
clothing,0.0
certainty,0.0
champion,0.0
chameleon,0.0
chamberlain,0.0
challenging,0.0
challenge,0.0
chair,0.0
chain,0.0
chaffinch,0.0
cha,0.0
certified,0.0
certificate,0.0
certainly,0.0
celebrity,0.0
certain,0.0
ceremony,0.0
cereal,0.0
century,0.0
centre,0.0
central,0.0
center,0.0
cent,0.0
censor,0.0
celsius,0.0
cell,0.0
chance,0.0
change,0.0
channel,0.0
chaos,0.0
cheesecake,0.0
cheese,0.0
cheerful,0.0
cheer,0.0
cheek,0.0
cheddar,0.0
checking,0.0
checked,0.0
check,0.0
cheat,0.0
cheapskate,0.0
cheap,0.0
chatter,0.0
chase,0.0
chartered,0.0
charles,0.0
charity,0.0
charger,0.0
charge,0.0
chard,0.0
character,0.0
chapter,0.0
chaotic,0.0
celery,0.0
celebratory,0.0
chelsea,0.0
carriage,0.0
cashier,0.0
cash,0.0
caseload,0.0
case,0.0
carve,0.0
cartoon,0.0
cart,0.0
carry,0.0
carrots,0.0
carrot,0.0
carrier,0.0
carpet,0.0
celebration,0.0
carpark,0.0
carla,0.0
caring,0.0
cargo,0.0
caretaker,0.0
carer,0.0
caregiver,0.0
carefully,0.0
careful,0.0
carefree,0.0
career,0.0
castle,0.0
casual,0.0
casually,0.0
casualness,0.0
celebrate,0.0
ceiling,0.0
cease,0.0
cd,0.0
cayman,0.0
cautious,0.0
causing,0.0
causeway,0.0
cause,0.0
cauliflower,0.0
caucasian,0.0
catholic,0.0
cathedral,0.0
cathartic,0.0
catharsis,0.0
category,0.0
catcher,0.0
catch,0.0
catastrophic,0.0
catastrophe,0.0
catalyst,0.0
catalogue,0.0
cat,0.0
chef,0.0
chemical,0.0
clothes,0.0
class,0.0
clear,0.0
cleanser,0.0
cleaning,0.0
cleaner,0.0
clean,0.0
claustrophobic,0.0
clause,0.0
classroom,0.0
classmate,0.0
classical,0.0
classic,0.0
clash,0.0
circumstance,0.0
clarity,0.0
clarify,0.0
clapton,0.0
clap,0.0
clang,0.0
clam,0.0
claim,0.0
civil,0.0
city,0.0
citizen,0.0
cite,0.0
clearer,0.0
clearing,0.0
clearly,0.0
clementine,0.0
clothe,0.0
cloth,0.0
closure,0.0
closet,0.0
closest,0.0
closer,0.0
closeness,0.0
closely,0.0
closed,0.0
close,0.0
clock,0.0
clive,0.0
clinically,0.0
clinical,0.0
clinic,0.0
clingy,0.0
cling,0.0
clime,0.0
climb,0.0
climate,0.0
client,0.0
click,0.0
cliche,0.0
cirque,0.0
circular,0.0
chemistry,0.0
chill,0.0
chocolate,0.0
chloe,0.0
chisel,0.0
chirpy,0.0
chirp,0.0
chip,0.0
chinese,0.0
china,0.0
chin,0.0
chilly,0.0
chilli,0.0
chile,0.0
circuit,0.0
childish,0.0
childhood,0.0
childcare,0.0
child,0.0
chief,0.0
chickpea,0.0
chicken,0.0
chest,0.0
cherry,0.0
cherish,0.0
chen,0.0
choice,0.0
choke,0.0
cholesterol,0.0
choose,0.0
circle,0.0
cinnamon,0.0
cinema,0.0
cigarette,0.0
cider,0.0
churning,0.0
churn,0.0
church,0.0
chunky,0.0
chunk,0.0
chuck,0.0
chronic,0.0
chrome,0.0
christian,0.0
christening,0.0
chris,0.0
chores,0.0
choreographer,0.0
choreograph,0.0
chore,0.0
chord,0.0
chopped,0.0
chop,0.0
contribute,0.0
control,0.0
discriminate,0.0
depart,0.0
depot,0.0
deposit,0.0
deplete,0.0
depending,0.0
dependent,0.0
dependence,0.0
dependant,0.0
depend,0.0
departure,0.0
departmental,0.0
department,0.0
deodorant,0.0
depressed,0.0
deny,0.0
dentist,0.0
dent,0.0
density,0.0
denominator,0.0
denier,0.0
denial,0.0
demoralise,0.0
demonstrate,0.0
demographic,0.0
dementia,0.0
depress,0.0
depressing,0.0
controllable,0.0
design,0.0
destroy,0.0
destination,0.0
dessert,0.0
despondent,0.0
despite,0.0
despise,0.0
desperation,0.0
desperately,0.0
desperate,0.0
desk,0.0
desire,0.0
deserving,0.0
depression,0.0
deserve,0.0
desert,0.0
desensitize,0.0
descriptive,0.0
description,0.0
describe,0.0
derail,0.0
depth,0.0
deprived,0.0
deprive,0.0
depressive,0.0
demand,0.0
delve,0.0
delusion,0.0
decoration,0.0
defective,0.0
defecate,0.0
defame,0.0
deer,0.0
deeply,0.0
deepest,0.0
deeper,0.0
deep,0.0
deem,0.0
dedicate,0.0
decrease,0.0
decorate,0.0
delivery,0.0
decor,0.0
decompress,0.0
decompose,0.0
decline,0.0
declare,0.0
decker,0.0
decisive,0.0
decision,0.0
decide,0.0
deceptive,0.0
decent,0.0
defence,0.0
defendant,0.0
defensively,0.0
defer,0.0
deliverable,0.0
deliver,0.0
delirious,0.0
delicious,0.0
delicate,0.0
deleted,0.0
delete,0.0
delayed,0.0
delay,0.0
deject,0.0
deity,0.0
dehydrated,0.0
dehydrate,0.0
dehumidifier,0.0
degree,0.0
defrost,0.0
deflated,0.0
deflate,0.0
definition,0.0
definitely,0.0
definite,0.0
define,0.0
deficiency,0.0
destruction,0.0
destructive,0.0
detach,0.0
dip,0.0
disagreement,0.0
disagree,0.0
disadvantage,0.0
disability,0.0
dirty,0.0
dirt,0.0
directly,0.0
direction,0.0
direct,0.0
diplomatic,0.0
diploma,0.0
diocese,0.0
digestive,0.0
dinner,0.0
ding,0.0
diner,0.0
din,0.0
diminished,0.0
diminish,0.0
dim,0.0
diligently,0.0
dilemma,0.0
dignity,0.0
digitise,0.0
disappear,0.0
disappoint,0.0
disappointed,0.0
disappointing,0.0
discover,0.0
discouraging,0.0
discouragement,0.0
discouraged,0.0
discourage,0.0
discount,0.0
disconnect,0.0
discomfort,0.0
disco,0.0
disclose,0.0
discipline,0.0
disciplinary,0.0
discharge,0.0
discard,0.0
disc,0.0
disbelief,0.0
disastrous,0.0
disaster,0.0
disassociation,0.0
disassociate,0.0
disarray,0.0
disapprove,0.0
disappointment,0.0
digital,0.0
digestion,0.0
detachment,0.0
devastated,0.0
devotional,0.0
devote,0.0
devoid,0.0
devil,0.0
device,0.0
development,0.0
developer,0.0
develop,0.0
devastation,0.0
devastatingly,0.0
devastating,0.0
devastate,0.0
digesting,0.0
devalue,0.0
detriment,0.0
detour,0.0
detest,0.0
determine,0.0
determination,0.0
deteriorate,0.0
detergent,0.0
deter,0.0
detention,0.0
detail,0.0
diabetes,0.0
diabetic,0.0
diagnose,0.0
diagnosis,0.0
digest,0.0
dig,0.0
diffuse,0.0
difficulty,0.0
difficult,0.0
differently,0.0
different,0.0
differences,0.0
difference,0.0
differ,0.0
dietary,0.0
diet,0.0
diego,0.0
die,0.0
didst,0.0
dictate,0.0
dick,0.0
dichotomy,0.0
diary,0.0
diarrhoea,0.0
diaries,0.0
dialogue,0.0
dial,0.0
december,0.0
deceased,0.0
decaf,0.0
coursework,0.0
crack,0.0
crab,0.0
coworkers,0.0
coworker,0.0
cow,0.0
covid,0.0
coverage,0.0
cover,0.0
cousin,0.0
courtyard,0.0
court,0.0
course,0.0
counsel,0.0
courageous,0.0
courage,0.0
couple,0.0
countryside,0.0
country,0.0
countless,0.0
counting,0.0
counter,0.0
countdown,0.0
count,0.0
counsellor,0.0
cracker,0.0
craft,0.0
craftwork,0.0
craig,0.0
cripple,0.0
cringe,0.0
criminal,0.0
crime,0.0
cried,0.0
crib,0.0
creepy,0.0
creeper,0.0
creep,0.0
creek,0.0
credit,0.0
creativity,0.0
creative,0.0
create,0.0
crease,0.0
cream,0.0
crazy,0.0
craziness,0.0
crawl,0.0
crash,0.0
crappy,0.0
crap,0.0
cramp,0.0
counselling,0.0
council,0.0
criterion,0.0
cookery,0.0
cop,0.0
coordinate,0.0
cooped,0.0
coop,0.0
coolness,0.0
cooler,0.0
coolant,0.0
cool,0.0
cooky,0.0
cooking,0.0
cookie,0.0
cooker,0.0
could,0.0
cooked,0.0
cook,0.0
convince,0.0
convey,0.0
convert,0.0
conversely,0.0
converse,0.0
conversation,0.0
conventional,0.0
convenient,0.0
convenience,0.0
cope,0.0
coping,0.0
copperfield,0.0
copy,0.0
cough,0.0
couch,0.0
cosy,0.0
costly,0.0
costing,0.0
costa,0.0
cost,0.0
cosmetic,0.0
corrupt,0.0
corridor,0.0
corresponding,0.0
correspondence,0.0
correctly,0.0
correction,0.0
correct,0.0
corona,0.0
cornstarch,0.0
cornish,0.0
cornflakes,0.0
corner,0.0
corned,0.0
corn,0.0
core,0.0
crisp,0.0
critical,0.0
decade,0.0
damp,0.0
data,0.0
dat,0.0
darkness,0.0
dark,0.0
dare,0.0
dangerous,0.0
danger,0.0
dancer,0.0
dance,0.0
dan,0.0
dampness,0.0
damn,0.0
cycling,0.0
dammit,0.0
damage,0.0
dairy,0.0
daffodil,0.0
dads,0.0
dad,0.0
dabble,0.0
czech,0.0
cyst,0.0
cyprus,0.0
cynicism,0.0
date,0.0
dating,0.0
daughter,0.0
dave,0.0
dec,0.0
debt,0.0
debrief,0.0
debilitate,0.0
debian,0.0
debate,0.0
deaths,0.0
deathly,0.0
death,0.0
dear,0.0
dealt,0.0
dealing,0.0
dealership,0.0
deal,0.0
deadly,0.0
deadline,0.0
dead,0.0
de,0.0
daze,0.0
daylight,0.0
daydream,0.0
day,0.0
david,0.0
cynical,0.0
cyclical,0.0
critically,0.0
cruel,0.0
cultivate,0.0
culmination,0.0
cuisine,0.0
cue,0.0
cuddle,0.0
cuba,0.0
cry,0.0
crux,0.0
crush,0.0
crumpet,0.0
crumble,0.0
crude,0.0
cycle,0.0
crucial,0.0
crowded,0.0
crowd,0.0
crossing,0.0
cross,0.0
crop,0.0
croissant,0.0
crocheting,0.0
crochet,0.0
criticised,0.0
criticise,0.0
cultural,0.0
culturally,0.0
culture,0.0
cumber,0.0
cutlery,0.0
cute,0.0
cut,0.0
customer,0.0
custard,0.0
cushion,0.0
curve,0.0
curtain,0.0
curse,0.0
curry,0.0
currently,0.0
current,0.0
currency,0.0
curly,0.0
curl,0.0
curious,0.0
curiosity,0.0
curio,0.0
curfew,0.0
curating,0.0
cupcake,0.0
cupboard,0.0
cup,0.0
care,0.0
cardiovascular,0.0
cardigan,0.0
apathy,0.0
appear,0.0
appeal,0.0
apparently,0.0
apparent,0.0
appal,0.0
app,0.0
apologize,0.0
apologise,0.0
apologetic,0.0
apocalyptic,0.0
apex,0.0
apathetic,0.0
appease,0.0
apartment,0.0
apart,0.0
anywhere,0.0
anyways,0.0
anyway,0.0
anytime,0.0
anyone,0.0
anymore,0.0
anyhow,0.0
anybody,0.0
anxiously,0.0
appearance,0.0
appetite,0.0
cardiac,0.0
appropriate,0.0
arch,0.0
arcade,0.0
ara,0.0
aquino,0.0
april,0.0
apricot,0.0
apps,0.0
approximately,0.0
approx,0.0
approve,0.0
appropriately,0.0
approach,0.0
apple,0.0
apprenticeships,0.0
apprehensive,0.0
appreciative,0.0
appreciation,0.0
appreciate,0.0
appointment,0.0
apply,0.0
applied,0.0
application,0.0
applicant,0.0
appliance,0.0
anxiety,0.0
antiwar,0.0
antique,0.0
analysis,0.0
angst,0.0
angry,0.0
angered,0.0
anger,0.0
angeles,0.0
angel,0.0
andrew,0.0
ancient,0.0
anatomy,0.0
analytic,0.0
analyst,0.0
analyse,0.0
antidepressant,0.0
anaemic,0.0
amuse,0.0
amplify,0.0
ample,0.0
amount,0.0
amongst,0.0
among,0.0
americano,0.0
american,0.0
america,0.0
amend,0.0
anguish,0.0
animal,0.0
animosity,0.0
ankle,0.0
anticlimactic,0.0
anticipation,0.0
anticipated,0.0
anticipate,0.0
antibody,0.0
antibiotic,0.0
antibacterial,0.0
anti,0.0
antelope,0.0
answer,0.0
another,0.0
anorexia,0.0
anonymously,0.0
annual,0.0
annoying,0.0
annoyed,0.0
annoyance,0.0
annoy,0.0
announcement,0.0
announce,0.0
annotate,0.0
anniversary,0.0
anna,0.0
architect,0.0
architectural,0.0
architecture,0.0
asynchronous,0.0
attain,0.0
attack,0.0
attachment,0.0
attached,0.0
attach,0.0
atop,0.0
atom,0.0
atmosphere,0.0
atlas,0.0
athletic,0.0
ate,0.0
asymptomatic,0.0
assistance,0.0
asylum,0.0
astronomy,0.0
astronomical,0.0
astronaut,0.0
asthma,0.0
assure,0.0
assurance,0.0
assumption,0.0
assume,0.0
assuage,0.0
associate,0.0
attempt,0.0
attenborough,0.0
attend,0.0
attendance,0.0
available,0.0
autumn,0.0
autonomy,0.0
autonomous,0.0
automatically,0.0
auto,0.0
autistic,0.0
autism,0.0
authority,0.0
author,0.0
authenticity,0.0
australia,0.0
aunty,0.0
auntie,0.0
aunt,0.0
august,0.0
audit,0.0
audio,0.0
attractive,0.0
attraction,0.0
attract,0.0
attitude,0.0
attention,0.0
assistant,0.0
assist,0.0
archive,0.0
arose,0.0
arrows,0.0
arrow,0.0
arrogant,0.0
arrives,0.0
arrived,0.0
arrive,0.0
arrival,0.0
arrest,0.0
arrangement,0.0
arrange,0.0
around,0.0
aroma,0.0
assignment,0.0
armoury,0.0
armchair,0.0
arm,0.0
arizona,0.0
arise,0.0
arguments,0.0
argument,0.0
arguing,0.0
argue,0.0
arguably,0.0
area,0.0
arsenal,0.0
art,0.0
artichoke,0.0
article,0.0
assign,0.0
assessment,0.0
assertive,0.0
assert,0.0
assemble,0.0
assault,0.0
ass,0.0
aspiration,0.0
aspect,0.0
asparagus,0.0
asleep,0.0
asked,0.0
ask,0.0
aside,0.0
asian,0.0
asia,0.0
ashamed,0.0
ash,0.0
ascend,0.0
asap,0.0
artwork,0.0
artist,0.0
articulate,0.0
amenable,0.0
ameliorate,0.0
ambulance,0.0
activate,0.0
adapt,0.0
adamant,0.0
adam,0.0
ada,0.0
ad,0.0
acupuncture,0.0
actually,0.0
actual,0.0
activity,0.0
actively,0.0
active,0.0
action,0.0
achieve,0.0
act,0.0
across,0.0
acquire,0.0
acquaintances,0.0
acquaintance,0.0
acoustic,0.0
acne,0.0
acknowledge,0.0
acis,0.0
acid,0.0
achiever,0.0
adapted,0.0
add,0.0
added,0.0
addict,0.0
adrenaline,0.0
adopt,0.0
adolescent,0.0
admittedly,0.0
admit,0.0
admire,0.0
admiration,0.0
administrator,0.0
administrative,0.0
administration,0.0
administrate,0.0
admin,0.0
adjustment,0.0
adjust,0.0
adhere,0.0
adequate,0.0
address,0.0
additionally,0.0
additional,0.0
addition,0.0
addictive,0.0
addiction,0.0
addicted,0.0
achievement,0.0
achievable,0.0
adulthood,0.0
absolutely,0.0
accelerant,0.0
acc,0.0
academically,0.0
academic,0.0
academia,0.0
abusive,0.0
abuser,0.0
abuse,0.0
abundance,0.0
abstract,0.0
absorb,0.0
absolute,0.0
ache,0.0
absence,0.0
abs,0.0
abruptly,0.0
abrupt,0.0
abroad,0.0
abreast,0.0
abnormal,0.0
ablution,0.0
ability,0.0
abates,0.0
abandonment,0.0
accent,0.0
accept,0.0
acceptable,0.0
acceptance,0.0
accustomed,0.0
accustom,0.0
accuse,0.0
accusation,0.0
accurately,0.0
accurate,0.0
accumulate,0.0
accounting,0.0
accountable,0.0
account,0.0
accord,0.0
accomplishment,0.0
accomplish,0.0
accompany,0.0
accommodation,0.0
accommodate,0.0
accidentally,0.0
accidental,0.0
accident,0.0
accessory,0.0
accessible,0.0
access,0.0
accepting,0.0
adult,0.0
advance,0.0
amble,0.0
alice,0.0
allotment,0.0
allot,0.0
allied,0.0
alliance,0.0
alleviate,0.0
allegation,0.0
alive,0.0
align,0.0
alight,0.0
alienate,0.0
alien,0.0
ali,0.0
al,0.0
algorithm,0.0
alexandra,0.0
alert,0.0
alcoholism,0.0
alcoholic,0.0
alcohol,0.0
album,0.0
albeit,0.0
albania,0.0
alarm,0.0
alabama,0.0
allow,0.0
allowance,0.0
almond,0.0
almost,0.0
ambient,0.0
ambassador,0.0
amazon,0.0
amazingly,0.0
amazing,0.0
amaze,0.0
amanda,0.0
alzheimer,0.0
always,0.0
alton,0.0
altogether,0.0
although,0.0
alternatively,0.0
alternative,0.0
alternate,0.0
alter,0.0
also,0.0
alright,0.0
already,0.0
alpha,0.0
alongside,0.0
along,0.0
alone,0.0
ala,0.0
aisle,0.0
advantage,0.0
affection,0.0
afternoon,0.0
afterlife,0.0
africa,0.0
afresh,0.0
afraid,0.0
aforementioned,0.0
afield,0.0
affords,0.0
afford,0.0
affiliated,0.0
affectionate,0.0
affected,0.0
airport,0.0
affect,0.0
affair,0.0
afar,0.0
aerospace,0.0
advise,0.0
advice,0.0
advertised,0.0
advertise,0.0
adversity,0.0
adverse,0.0
advent,0.0
afterwards,0.0
age,0.0
agency,0.0
agent,0.0
airline,0.0
airhead,0.0
aire,0.0
air,0.0
aimlessly,0.0
aim,0.0
ail,0.0
aid,0.0
ahead,0.0
agreement,0.0
agreed,0.0
agree,0.0
agony,0.0
agonize,0.0
agonise,0.0
ago,0.0
agitation,0.0
agitate,0.0
aggrieve,0.0
aggressively,0.0
aggressive,0.0
aggression,0.0
aggravate,0.0
avalanche,0.0
avenue,0.0
average,0.0
break,0.0
breathlessness,0.0
breathless,0.0
breathing,0.0
breather,0.0
breathe,0.0
breath,0.0
breakup,0.0
breakout,0.0
breaking,0.0
breakfast,0.0
breakdown,0.0
bread,0.0
boxing,0.0
breach,0.0
bravery,0.0
brave,0.0
brandon,0.0
branch,0.0
brainwash,0.0
brain,0.0
braid,0.0
brace,0.0
bra,0.0
boyfriend,0.0
breeze,0.0
brenda,0.0
brew,0.0
brick,0.0
brother,0.0
broken,0.0
broke,0.0
broccoli,0.0
broadway,0.0
broaden,0.0
broadcast,0.0
broad,0.0
british,0.0
britain,0.0
brisket,0.0
brink,0.0
brings,0.0
bring,0.0
brim,0.0
brilliant,0.0
brighter,0.0
brighten,0.0
bright,0.0
briefly,0.0
brief,0.0
brie,0.0
bridge,0.0
boy,0.0
box,0.0
brown,0.0
bombshell,0.0
boot,0.0
boost,0.0
boomerang,0.0
bookshelf,0.0
booking,0.0
bookcase,0.0
book,0.0
boohoo,0.0
bone,0.0
bonding,0.0
bond,0.0
bombard,0.0
bowl,0.0
bolton,0.0
bolster,0.0
bol,0.0
boiling,0.0
boil,0.0
body,0.0
bobble,0.0
boat,0.0
board,0.0
blurt,0.0
blurred,0.0
border,0.0
borderline,0.0
bore,0.0
bored,0.0
bowie,0.0
bowel,0.0
bow,0.0
bout,0.0
bouquet,0.0
boundary,0.0
bound,0.0
bounce,0.0
bottom,0.0
bottle,0.0
bothersome,0.0
bothered,0.0
bother,0.0
bot,0.0
bossy,0.0
boss,0.0
bosporus,0.0
bos,0.0
borrow,0.0
borough,0.0
boris,0.0
boring,0.0
boredom,0.0
brought,0.0
brownie,0.0
bluntly,0.0
calender,0.0
camouflage,0.0
camomile,0.0
camera,0.0
camden,0.0
cam,0.0
calorie,0.0
calmly,0.0
calming,0.0
calmer,0.0
callous,0.0
caller,0.0
calendar,0.0
cabbage,0.0
calculate,0.0
calamari,0.0
cake,0.0
cagey,0.0
cage,0.0
caffeine,0.0
cafetiere,0.0
cafes,0.0
cafe,0.0
cache,0.0
cabin,0.0
camp,0.0
campania,0.0
campus,0.0
canada,0.0
cardamon,0.0
cardamom,0.0
card,0.0
carcass,0.0
carbonate,0.0
car,0.0
capstone,0.0
capitalism,0.0
capacity,0.0
capable,0.0
cap,0.0
canvas,0.0
cantonese,0.0
canter,0.0
canteen,0.0
cant,0.0
canola,0.0
cane,0.0
candlewick,0.0
candle,0.0
cancerous,0.0
cancer,0.0
canal,0.0
caber,0.0
cab,0.0
browse,0.0
buffalo,0.0
bumper,0.0
bump,0.0
bum,0.0
bully,0.0
bullshit,0.0
bulky,0.0
bulk,0.0
bulimic,0.0
bulb,0.0
building,0.0
build,0.0
bueno,0.0
byron,0.0
budget,0.0
buddhist,0.0
buckley,0.0
bubble,0.0
brutal,0.0
brushed,0.0
brush,0.0
brunt,0.0
brunch,0.0
bruise,0.0
browsing,0.0
bun,0.0
bunch,0.0
bundle,0.0
bunny,0.0
bye,0.0
buzz,0.0
buying,0.0
buyer,0.0
buy,0.0
button,0.0
butter,0.0
butt,0.0
butcher,0.0
busyness,0.0
busy,0.0
business,0.0
bus,0.0
bury,0.0
burst,0.0
burrito,0.0
burnt,0.0
burnout,0.0
burning,0.0
burn,0.0
burglary,0.0
burger,0.0
burden,0.0
blur,0.0
blunt,0.0
averse,0.0
base,0.0
bat,0.0
bassline,0.0
basket,0.0
basked,0.0
basis,0.0
basil,0.0
basically,0.0
basic,0.0
bash,0.0
baseline,0.0
baseless,0.0
barrier,0.0
bankrupt,0.0
barricade,0.0
barre,0.0
barley,0.0
bark,0.0
barista,0.0
bargain,0.0
barely,0.0
bare,0.0
bar,0.0
bap,0.0
banner,0.0
bataan,0.0
bath,0.0
bathroom,0.0
bathrooms,0.0
bedding,0.0
bed,0.0
becomes,0.0
become,0.0
beauty,0.0
beautifully,0.0
beautiful,0.0
beating,0.0
beater,0.0
beaten,0.0
beat,0.0
bearing,0.0
bearable,0.0
bear,0.0
bean,0.0
beach,0.0
bay,0.0
battling,0.0
battle,0.0
battery,0.0
battered,0.0
batter,0.0
bathtub,0.0
bankruptcy,0.0
banking,0.0
bedroom,0.0
awfully,0.0
backseat,0.0
backpack,0.0
backlog,0.0
background,0.0
back,0.0
babysit,0.0
baby,0.0
awoke,0.0
awkwardness,0.0
awkward,0.0
awhile,0.0
awful,0.0
bank,0.0
awesome,0.0
awareness,0.0
aware,0.0
award,0.0
awaken,0.0
awake,0.0
awaited,0.0
avoids,0.0
avoided,0.0
avoid,0.0
avocado,0.0
backup,0.0
backwards,0.0
backyard,0.0
bacon,0.0
bang,0.0
band,0.0
banal,0.0
balm,0.0
ballot,0.0
balloon,0.0
ball,0.0
balcony,0.0
balanced,0.0
balance,0.0
baking,0.0
bakery,0.0
bake,0.0
bail,0.0
baggy,0.0
baggage,0.0
bagel,0.0
bag,0.0
baffle,0.0
badminton,0.0
badly,0.0
bad,0.0
bacteria,0.0
bedridden,0.0
bedsheets,0.0
bluest,0.0
biscuit,0.0
blackpool,0.0
blackjack,0.0
blackcurrant,0.0
black,0.0
bizarre,0.0
bittersweet,0.0
bitterness,0.0
bitter,0.0
bite,0.0
bit,0.0
bisexual,0.0
birthday,0.0
bill,0.0
birth,0.0
birdwatching,0.0
bird,0.0
bipolar,0.0
biopsy,0.0
biological,0.0
bingo,0.0
binge,0.0
bind,0.0
bin,0.0
billion,0.0
bladder,0.0
blade,0.0
blame,0.0
blank,0.0
blueberry,0.0
blue,0.0
blow,0.0
blouse,0.0
bloody,0.0
bloodshot,0.0
blood,0.0
blonde,0.0
bloke,0.0
block,0.0
blizzard,0.0
bliss,0.0
blind,0.0
blew,0.0
blessing,0.0
bless,0.0
blender,0.0
blend,0.0
bleak,0.0
bleach,0.0
blatantly,0.0
blast,0.0
blanket,0.0
billable,0.0
bike,0.0
bedside,0.0
behaving,0.0
bell,0.0
belittle,0.0
believe,0.0
believable,0.0
belief,0.0
belatedly,0.0
beige,0.0
behind,0.0
behavioural,0.0
behaviour,0.0
behavior,0.0
behave,0.0
big,0.0
behalf,0.0
beginning,0.0
begin,0.0
begets,0.0
beg,0.0
befriend,0.0
beforehand,0.0
beetroot,0.0
beer,0.0
beef,0.0
bedtime,0.0
bella,0.0
belly,0.0
belong,0.0
belonging,0.0
bid,0.0
bicycle,0.0
bicker,0.0
bic,0.0
bibliography,0.0
bible,0.0
bias,0.0
beyond,0.0
bexley,0.0
beverly,0.0
better,0.0
betrayed,0.0
bet,0.0
besides,0.0
berry,0.0
bereavement,0.0
berate,0.0
bent,0.0
benevolent,0.0
benefit,0.0
beneficial,0.0
bench,0.0
belt,0.0
discovery,0.0
discuss,0.0
lecturer,0.0
homeopathic,0.0
hong,0.0
honeymoon,0.0
honey,0.0
honesty,0.0
honestly,0.0
honest,0.0
hone,0.0
homogeneous,0.0
homework,0.0
hometown,0.0
homesick,0.0
homemade,0.0
hook,0.0
homely,0.0
homelessness,0.0
homeless,0.0
homebody,0.0
holy,0.0
hollywood,0.0
hollow,0.0
holiday,0.0
hole,0.0
holder,0.0
hold,0.0
hoodie,0.0
hoover,0.0
implant,0.0
horrify,0.0
hotel,0.0
hot,0.0
hostel,0.0
host,0.0
hospitalization,0.0
hospitality,0.0
hospitalise,0.0
hospital,0.0
hospice,0.0
horse,0.0
horror,0.0
horrific,0.0
hop,0.0
horrid,0.0
horribly,0.0
horrible,0.0
horrendous,0.0
horoscope,0.0
horizon,0.0
hoping,0.0
hopelessness,0.0
hopeless,0.0
hopefully,0.0
hope,0.0
hogan,0.0
hobby,0.0
hobbs,0.0
hence,0.0
hey,0.0
hesitation,0.0
hesitate,0.0
hesitantly,0.0
hesitant,0.0
hero,0.0
hermes,0.0
herd,0.0
herbal,0.0
herb,0.0
henceforth,0.0
helplessness,0.0
hobbit,0.0
helpless,0.0
helpfulness,0.0
helpful,0.0
hello,0.0
hell,0.0
heightened,0.0
heighten,0.0
height,0.0
heidegger,0.0
hefty,0.0
heel,0.0
hiatus,0.0
hibernate,0.0
hiccup,0.0
hickey,0.0
hob,0.0
hoax,0.0
hoarder,0.0
hmm,0.0
hit,0.0
history,0.0
historically,0.0
hiring,0.0
hire,0.0
hip,0.0
hinge,0.0
hindsight,0.0
hinders,0.0
hinder,0.0
hill,0.0
hike,0.0
highway,0.0
highroad,0.0
highly,0.0
highlight,0.0
high,0.0
hierarchy,0.0
hide,0.0
hotpot,0.0
hotshot,0.0
hound,0.0
ignorance,0.0
illustration,0.0
illuminate,0.0
illnesses,0.0
illness,0.0
illegally,0.0
ill,0.0
ikea,0.0
ii,0.0
ignored,0.0
ignore,0.0
ignorant,0.0
ifs,0.0
icon,0.0
iffy,0.0
idly,0.0
idiot,0.0
ideology,0.0
identity,0.0
identify,0.0
identical,0.0
ideation,0.0
ideally,0.0
ideal,0.0
idea,0.0
image,0.0
imagine,0.0
imagined,0.0
imbecile,0.0
impending,0.0
impede,0.0
impeachment,0.0
impatiently,0.0
impatient,0.0
impaled,0.0
impacted,0.0
impact,0.0
immunocompromised,0.0
immunisation,0.0
immune,0.0
imminent,0.0
immigration,0.0
immigrate,0.0
immigrant,0.0
immerse,0.0
immensely,0.0
immense,0.0
immediately,0.0
immediate,0.0
immaturity,0.0
immature,0.0
imbue,0.0
id,0.0
iced,0.0
hour,0.0
hovering,0.0
humans,0.0
humanity,0.0
human,0.0
huh,0.0
hugely,0.0
huge,0.0
hug,0.0
hubris,0.0
hub,0.0
hr,0.0
howl,0.0
hover,0.0
ice,0.0
housing,0.0
housework,0.0
housewife,0.0
housewares,0.0
housemate,0.0
housemaid,0.0
housekeeper,0.0
household,0.0
housebound,0.0
houseboat,0.0
house,0.0
humid,0.0
humidifier,0.0
humidity,0.0
humiliate,0.0
hysterically,0.0
hysterical,0.0
hypothesis,0.0
hypocritical,0.0
hypocrisy,0.0
hypochondriac,0.0
hygienic,0.0
hygiene,0.0
hydraulic,0.0
hydrate,0.0
huston,0.0
husband,0.0
hurtful,0.0
hurt,0.0
hurry,0.0
hurl,0.0
huntsville,0.0
hunt,0.0
hungry,0.0
hundred,0.0
humour,0.0
hummus,0.0
humiliation,0.0
heed,0.0
hectic,0.0
heavy,0.0
gratitude,0.0
greenery,0.0
green,0.0
greedy,0.0
greatly,0.0
great,0.0
greasy,0.0
gre,0.0
grazing,0.0
gravy,0.0
gravely,0.0
grave,0.0
grateful,0.0
grandparent,0.0
grate,0.0
grasp,0.0
grapple,0.0
graphs,0.0
graphic,0.0
grapes,0.0
grape,0.0
granted,0.0
grant,0.0
granola,0.0
granny,0.0
greenwich,0.0
greet,0.0
gregarious,0.0
grendel,0.0
growth,0.0
grows,0.0
grown,0.0
grow,0.0
group,0.0
grounded,0.0
ground,0.0
gross,0.0
grooming,0.0
groom,0.0
grocery,0.0
grit,0.0
grip,0.0
grinder,0.0
grind,0.0
grinch,0.0
grin,0.0
grim,0.0
grieve,0.0
grief,0.0
gridlock,0.0
grid,0.0
grey,0.0
grandson,0.0
grandpa,0.0
gruesome,0.0
glue,0.0
golf,0.0
golden,0.0
gold,0.0
godsend,0.0
god,0.0
gobo,0.0
goblet,0.0
gob,0.0
goat,0.0
goal,0.0
gluten,0.0
glosser,0.0
grandmother,0.0
glory,0.0
gloomy,0.0
globe,0.0
globally,0.0
globalization,0.0
global,0.0
glaze,0.0
glass,0.0
glasgow,0.0
glad,0.0
giveaway,0.0
good,0.0
goodbye,0.0
goodnight,0.0
google,0.0
grandma,0.0
grandfather,0.0
granddad,0.0
grandchild,0.0
grandad,0.0
grand,0.0
gran,0.0
grammy,0.0
grammar,0.0
graduation,0.0
graduate,0.0
gradually,0.0
grade,0.0
gracious,0.0
grace,0.0
grab,0.0
gown,0.0
governmental,0.0
government,0.0
gotten,0.0
got,0.0
gossip,0.0
goose,0.0
grudge,0.0
grumpy,0.0
heavily,0.0
hat,0.0
headache,0.0
head,0.0
hazy,0.0
hazelnut,0.0
hazard,0.0
hay,0.0
haunt,0.0
haul,0.0
hatred,0.0
hated,0.0
hate,0.0
hast,0.0
happiness,0.0
hassle,0.0
harvey,0.0
harsh,0.0
harry,0.0
harp,0.0
harm,0.0
hare,0.0
hardworking,0.0
hardship,0.0
hardly,0.0
harder,0.0
heading,0.0
headline,0.0
headphone,0.0
headscarf,0.0
heave,0.0
heating,0.0
heath,0.0
heater,0.0
heated,0.0
heat,0.0
heartland,0.0
hearth,0.0
hearted,0.0
heartbroken,0.0
heartbreaking,0.0
heartbreak,0.0
heartbeat,0.0
heart,0.0
hearing,0.0
heard,0.0
hear,0.0
healthy,0.0
healthily,0.0
healthier,0.0
healthcare,0.0
healing,0.0
heal,0.0
harassment,0.0
happily,0.0
guacamole,0.0
guise,0.0
hackney,0.0
hack,0.0
habit,0.0
gym,0.0
guy,0.0
gutted,0.0
gut,0.0
gusto,0.0
guru,0.0
gumtree,0.0
guitar,0.0
guilty,0.0
happens,0.0
guilt,0.0
guideline,0.0
guidebooks,0.0
guidebook,0.0
guide,0.0
guidance,0.0
guest,0.0
guess,0.0
guardian,0.0
guarded,0.0
guard,0.0
haddock,0.0
haemodialysis,0.0
hair,0.0
hairdresser,0.0
haphazard,0.0
hannah,0.0
hangover,0.0
hanger,0.0
hang,0.0
handy,0.0
handsome,0.0
handmaid,0.0
handle,0.0
handiwork,0.0
handful,0.0
handbag,0.0
hand,0.0
hamper,0.0
hammer,0.0
ham,0.0
halt,0.0
hallway,0.0
halloween,0.0
hall,0.0
halfway,0.0
half,0.0
hairdryer,0.0
imperfect,0.0
implement,0.0
discussed,0.0
johnson,0.0
judgement,0.0
judge,0.0
jubilee,0.0
joy,0.0
journey,0.0
journal,0.0
joule,0.0
jolt,0.0
jolly,0.0
joke,0.0
join,0.0
john,0.0
juggle,0.0
jogger,0.0
jog,0.0
jobless,0.0
job,0.0
joan,0.0
jinx,0.0
jigsaw,0.0
jewellery,0.0
jettison,0.0
jet,0.0
jesus,0.0
judo,0.0
juggling,0.0
implication,0.0
junkyard,0.0
kept,0.0
kent,0.0
kennedy,0.0
keen,0.0
kebab,0.0
kart,0.0
kale,0.0
justify,0.0
justice,0.0
juster,0.0
jurisdiction,0.0
junk,0.0
juice,0.0
junior,0.0
june,0.0
junction,0.0
jumper,0.0
jump,0.0
jumbled,0.0
jumble,0.0
july,0.0
juliette,0.0
julianne,0.0
jul,0.0
jersey,0.0
jeopardized,0.0
jeopardise,0.0
ironing,0.0
isi,0.0
irritated,0.0
irritate,0.0
irritable,0.0
irreversible,0.0
irrespective,0.0
irrelevant,0.0
irregularly,0.0
irrationally,0.0
irrational,0.0
irony,0.0
ironic,0.0
jeepers,0.0
iron,0.0
irk,0.0
ireland,0.0
ire,0.0
irascible,0.0
iran,0.0
iphone,0.0
ipad,0.0
inward,0.0
involves,0.0
involved,0.0
islamic,0.0
isolate,0.0
isolated,0.0
isolating,0.0
jean,0.0
jealousy,0.0
jealous,0.0
jazz,0.0
jaw,0.0
japanese,0.0
japan,0.0
january,0.0
jan,0.0
jamie,0.0
james,0.0
jam,0.0
jail,0.0
jacuzzi,0.0
jackpot,0.0
jacket,0.0
jack,0.0
jab,0.0
item,0.0
italy,0.0
italian,0.0
istanbul,0.0
isolation,0.0
kettle,0.0
key,0.0
keywords,0.0
late,0.0
law,0.0
laundry,0.0
launch,0.0
laughter,0.0
laughing,0.0
laughable,0.0
laugh,0.0
latter,0.0
latte,0.0
later,0.0
lately,0.0
latch,0.0
landed,0.0
last,0.0
lash,0.0
laser,0.0
largely,0.0
large,0.0
laptop,0.0
lap,0.0
lao,0.0
language,0.0
lane,0.0
landscape,0.0
lawnmower,0.0
lawyer,0.0
lax,0.0
lay,0.0
lecture,0.0
leave,0.0
least,0.0
leash,0.0
lease,0.0
learnt,0.0
learning,0.0
learner,0.0
learned,0.0
learn,0.0
lean,0.0
leaking,0.0
leakage,0.0
leak,0.0
league,0.0
leaflet,0.0
abandon,0.0
leadership,0.0
leader,0.0
lead,0.0
lazy,0.0
laying,0.0
layer,0.0
landlord,0.0
land,0.0
kick,0.0
kinder,0.0
knackered,0.0
klutz,0.0
kiwi,0.0
kitten,0.0
kitchenware,0.0
kitchen,0.0
kiss,0.0
king,0.0
kindness,0.0
kindly,0.0
kindle,0.0
kinda,0.0
lamp,0.0
kind,0.0
kinase,0.0
kilo,0.0
killing,0.0
killer,0.0
kill,0.0
kiev,0.0
kidney,0.0
kidnap,0.0
kid,0.0
kickboxing,0.0
knead,0.0
knew,0.0
knife,0.0
knit,0.0
lament,0.0
lamb,0.0
lake,0.0
laid,0.0
lagoon,0.0
lag,0.0
lady,0.0
ladder,0.0
lacking,0.0
lack,0.0
laboratory,0.0
label,0.0
lab,0.0
la,0.0
kristie,0.0
korean,0.0
kong,0.0
koala,0.0
known,0.0
knowledge,0.0
knowing,0.0
knock,0.0
knitting,0.0
involve,0.0
involuntary,0.0
invoke,0.0
indonesia,0.0
inevitably,0.0
inevitable,0.0
inequality,0.0
inefficient,0.0
industry,0.0
indulgent,0.0
induction,0.0
inducing,0.0
induced,0.0
indoors,0.0
indoor,0.0
individually,0.0
indefinitely,0.0
individuality,0.0
individualistic,0.0
individual,0.0
indispensable,0.0
indignant,0.0
indifferent,0.0
indication,0.0
indicate,0.0
indian,0.0
independently,0.0
independent,0.0
infantilism,0.0
infatuation,0.0
infect,0.0
infected,0.0
initial,0.0
inherently,0.0
inherent,0.0
inhalation,0.0
ingredient,0.0
infuriatingly,0.0
infuriating,0.0
infuriated,0.0
infuriate,0.0
infringement,0.0
infringe,0.0
informed,0.0
information,0.0
informal,0.0
inform,0.0
info,0.0
influence,0.0
inflammation,0.0
infiltrate,0.0
infestation,0.0
infective,0.0
infectious,0.0
infection,0.0
independence,0.0
indeed,0.0
initiate,0.0
impress,0.0
inadequate,0.0
inactive,0.0
inability,0.0
impulsive,0.0
improvise,0.0
improvement,0.0
improve,0.0
impromptu,0.0
imprint,0.0
impression,0.0
impressed,0.0
impregnate,0.0
indecisive,0.0
impractical,0.0
impotent,0.0
imposter,0.0
impossible,0.0
imposes,0.0
impose,0.0
importantly,0.0
important,0.0
importance,0.0
implode,0.0
implies,0.0
inappropriate,0.0
inbox,0.0
inca,0.0
incapable,0.0
incubation,0.0
incubated,0.0
incredibly,0.0
incredible,0.0
increasingly,0.0
increased,0.0
increase,0.0
incorrect,0.0
incorporate,0.0
inconvenience,0.0
inconsistent,0.0
inconsiderate,0.0
incompetent,0.0
incompetence,0.0
incomparable,0.0
income,0.0
incoherently,0.0
included,0.0
include,0.0
inclined,0.0
incident,0.0
incidence,0.0
incessant,0.0
initially,0.0
initiative,0.0
invite,0.0
interlinked,0.0
interpretation,0.0
interpret,0.0
interpersonal,0.0
internship,0.0
internet,0.0
international,0.0
internally,0.0
internalise,0.0
internal,0.0
intern,0.0
intermittently,0.0
interfere,0.0
intensity,0.0
interestingly,0.0
interesting,0.0
interested,0.0
interest,0.0
interdental,0.0
intercalated,0.0
intercalate,0.0
interaction,0.0
interact,0.0
intentionally,0.0
intention,0.0
interrupt,0.0
interrupted,0.0
interrupts,0.0
intersection,0.0
invitation,0.0
investment,0.0
investing,0.0
investigation,0.0
investigate,0.0
invested,0.0
invest,0.0
invalidate,0.0
invade,0.0
intuition,0.0
intrusive,0.0
intrude,0.0
introverted,0.0
introvert,0.0
introspection,0.0
introduction,0.0
introduce,0.0
intrinsically,0.0
intolerable,0.0
intimate,0.0
intimacy,0.0
interview,0.0
interval,0.0
intensive,0.0
intensify,0.0
injure,0.0
insert,0.0
inspired,0.0
inspire,0.0
inspiration,0.0
inspection,0.0
inspect,0.0
insistent,0.0
insist,0.0
insincere,0.0
insignificant,0.0
insight,0.0
inside,0.0
insensitive,0.0
intensely,0.0
insecurity,0.0
insecure,0.0
insect,0.0
inquire,0.0
input,0.0
innocently,0.0
innocence,0.0
inner,0.0
inn,0.0
injustice,0.0
injury,0.0
instal,0.0
install,0.0
instance,0.0
instant,0.0
intense,0.0
intended,0.0
intend,0.0
intelligent,0.0
intelligence,0.0
intellectualism,0.0
intellectual,0.0
integrate,0.0
integral,0.0
intake,0.0
int,0.0
insure,0.0
insurance,0.0
instrumental,0.0
instructor,0.0
instruction,0.0
institution,0.0
institute,0.0
instinct,0.0
instill,0.0
instigate,0.0
instead,0.0
instantly,0.0
give,0.0
girlfriend,0.0
girl,0.0
empirically,0.0
encounter,0.0
encapsulate,0.0
enable,0.0
emulate,0.0
empty,0.0
empowered,0.0
empower,0.0
employment,0.0
employer,0.0
employee,0.0
employ,0.0
emphasise,0.0
encouragement,0.0
emphasis,0.0
empathy,0.0
empathize,0.0
empathise,0.0
empathetic,0.0
emotive,0.0
emotions,0.0
emotionless,0.0
emotionally,0.0
emotional,0.0
emotion,0.0
encourage,0.0
end,0.0
ginger,0.0
england,0.0
enough,0.0
enormous,0.0
ennui,0.0
enjoyment,0.0
enjoying,0.0
enjoyed,0.0
enjoyable,0.0
enhance,0.0
engross,0.0
engrave,0.0
english,0.0
engineering,0.0
endlessly,0.0
engineer,0.0
engine,0.0
engagement,0.0
engage,0.0
enforce,0.0
energy,0.0
energise,0.0
endure,0.0
endurance,0.0
ends,0.0
endocrinologist,0.0
emma,0.0
emerges,0.0
emergency,0.0
eighty,0.0
electric,0.0
election,0.0
elect,0.0
eldest,0.0
elderflower,0.0
elder,0.0
elbow,0.0
elate,0.0
elasticity,0.0
elaborate,0.0
either,0.0
eight,0.0
emerge,0.0
egyptian,0.0
egos,0.0
eggshell,0.0
eggs,0.0
eggplant,0.0
egged,0.0
egg,0.0
egalitarian,0.0
effortful,0.0
effort,0.0
efficiently,0.0
electrician,0.0
electricity,0.0
element,0.0
elephant,0.0
embryo,0.0
embroidery,0.0
embracing,0.0
embrace,0.0
embed,0.0
embarrassment,0.0
embarrassing,0.0
embarrassed,0.0
embarrass,0.0
embark,0.0
emanate,0.0
emails,0.0
emailed,0.0
email,0.0
elsewhere,0.0
else,0.0
elsa,0.0
elongate,0.0
ellie,0.0
eliminate,0.0
eligible,0.0
elevator,0.0
elevate,0.0
enquiry,0.0
enrage,0.0
enrichment,0.0
everlasting,0.0
exact,0.0
exacerbate,0.0
evolve,0.0
evoke,0.0
evil,0.0
evidence,0.0
everywhere,0.0
everything,0.0
everyone,0.0
everyday,0.0
everybody,0.0
evergreen,0.0
eur,0.0
ever,0.0
eventually,0.0
eventide,0.0
event,0.0
evening,0.0
evenfall,0.0
even,0.0
eve,0.0
evaporate,0.0
evaluation,0.0
european,0.0
exactly,0.0
exaggerate,0.0
exaggeration,0.0
exam,0.0
exclusively,0.0
excluded,0.0
exclude,0.0
exciting,0.0
excitement,0.0
excited,0.0
exchange,0.0
excessively,0.0
excessive,0.0
excess,0.0
excerpt,0.0
exceptionally,0.0
exceptional,0.0
exception,0.0
except,0.0
excellence,0.0
excel,0.0
exceed,0.0
exams,0.0
example,0.0
examiner,0.0
examine,0.0
examination,0.0
europe,0.0
euphoria,0.0
enrol,0.0
entry,0.0
equipment,0.0
equip,0.0
equation,0.0
equate,0.0
equally,0.0
equal,0.0
epstein,0.0
episode,0.0
epidemic,0.0
envy,0.0
environment,0.0
entrepreneur,0.0
ethos,0.0
entitles,0.0
entitle,0.0
entirety,0.0
entirely,0.0
entire,0.0
enthusiasm,0.0
entertainment,0.0
entertain,0.0
enter,0.0
ensure,0.0
ensue,0.0
era,0.0
eradicate,0.0
erode,0.0
errand,0.0
ethnicity,0.0
ethical,0.0
ethic,0.0
eternity,0.0
etc,0.0
estrange,0.0
esteem,0.0
estate,0.0
establishment,0.0
established,0.0
establish,0.0
essex,0.0
essentially,0.0
essential,0.0
essence,0.0
essay,0.0
espresso,0.0
especially,0.0
escape,0.0
escalate,0.0
erupt,0.0
error,0.0
erratic,0.0
efficient,0.0
effectively,0.0
effective,0.0
dizzy,0.0
domestic,0.0
domain,0.0
doll,0.0
dogma,0.0
dog,0.0
dodgy,0.0
documentation,0.0
documentary,0.0
document,0.0
doctoral,0.0
doctor,0.0
dizziness,0.0
distrust,0.0
divulge,0.0
divorce,0.0
divided,0.0
divide,0.0
diverse,0.0
diverge,0.0
dive,0.0
ditch,0.0
disturbing,0.0
disturbed,0.0
disturbance,0.0
domingo,0.0
donate,0.0
donation,0.0
donna,0.0
downstairs,0.0
downside,0.0
downplay,0.0
downmarket,0.0
download,0.0
downhill,0.0
downhearted,0.0
downcast,0.0
dover,0.0
douglas,0.0
doughnut,0.0
dough,0.0
doubt,0.0
double,0.0
dot,0.0
dose,0.0
dosage,0.0
dorset,0.0
dormant,0.0
dopamine,0.0
doorway,0.0
doorstep,0.0
door,0.0
disturb,0.0
district,0.0
downward,0.0
dishwasher,0.0
display,0.0
dispiriting,0.0
dispenses,0.0
disparaging,0.0
disorder,0.0
disney,0.0
dismissive,0.0
dismiss,0.0
dislike,0.0
disinfectant,0.0
disinfect,0.0
dishonest,0.0
distribute,0.0
dishearten,0.0
dish,0.0
disgusted,0.0
disgust,0.0
disguise,0.0
disengaging,0.0
disengage,0.0
diseased,0.0
disease,0.0
discussion,0.0
discussing,0.0
dispose,0.0
disproportionately,0.0
disregard,0.0
disrespect,0.0
distressing,0.0
distressful,0.0
distressed,0.0
distress,0.0
distraught,0.0
distraction,0.0
distracted,0.0
distract,0.0
distinction,0.0
distant,0.0
distancing,0.0
distanced,0.0
distance,0.0
dissociative,0.0
dissociation,0.0
dissociate,0.0
dissipate,0.0
dissertation,0.0
dissect,0.0
dissatisfy,0.0
disruption,0.0
disrupt,0.0
disrespectful,0.0
downtime,0.0
doze,0.0
effected,0.0
earful,0.0
easel,0.0
ease,0.0
earthquake,0.0
earth,0.0
earring,0.0
earphone,0.0
earnings,0.0
earner,0.0
earn,0.0
early,0.0
earlier,0.0
ear,0.0
duration,0.0
eager,0.0
dystopia,0.0
dyslexic,0.0
dyslexia,0.0
dysfunctional,0.0
dynamic,0.0
dye,0.0
dwelling,0.0
dwell,0.0
duvet,0.0
duty,0.0
easier,0.0
easily,0.0
east,0.0
easter,0.0
effect,0.0
educational,0.0
education,0.0
educate,0.0
editing,0.0
edit,0.0
edinburgh,0.0
edge,0.0
ectopic,0.0
economy,0.0
economics,0.0
economically,0.0
economical,0.0
economic,0.0
echo,0.0
ebullient,0.0
ebola,0.0
ebay,0.0
eats,0.0
eating,0.0
eatery,0.0
eat,0.0
easy,0.0
dust,0.0
duo,0.0
dozen,0.0
drawer,0.0
drift,0.0
dried,0.0
dresser,0.0
dressed,0.0
dress,0.0
dreary,0.0
dream,0.0
dreadful,0.0
dread,0.0
drawn,0.0
drawing,0.0
drawback,0.0
dungaree,0.0
draw,0.0
drastically,0.0
drastic,0.0
drank,0.0
dramatic,0.0
drama,0.0
drained,0.0
drain,0.0
drag,0.0
draft,0.0
drab,0.0
drill,0.0
drink,0.0
drinker,0.0
drinking,0.0
dump,0.0
dumb,0.0
dully,0.0
due,0.0
duckling,0.0
duck,0.0
dubai,0.0
dryer,0.0
dry,0.0
drunkenly,0.0
drunken,0.0
drunk,0.0
drug,0.0
drowsiness,0.0
drown,0.0
drove,0.0
drop,0.0
drizzle,0.0
driving,0.0
driveway,0.0
driver,0.0
driven,0.0
drive,0.0
excruciatingly,0.0
excuse,0.0
exemption,0.0
fox,0.0
frankly,0.0
francis,0.0
france,0.0
frame,0.0
frailty,0.0
frail,0.0
fragrance,0.0
fragment,0.0
fragile,0.0
fracture,0.0
fraction,0.0
fourth,0.0
former,0.0
four,0.0
founder,0.0
foundation,0.0
foul,0.0
fought,0.0
forum,0.0
fortunately,0.0
fortunate,0.0
forthcoming,0.0
forth,0.0
forsaken,0.0
frantic,0.0
frantically,0.0
freak,0.0
freaking,0.0
friendly,0.0
friend,0.0
fried,0.0
fridge,0.0
fridays,0.0
friday,0.0
fri,0.0
fresher,0.0
freshener,0.0
freshen,0.0
fresh,0.0
frequently,0.0
frequent,0.0
frequency,0.0
french,0.0
freiburg,0.0
freezing,0.0
freezer,0.0
freeze,0.0
freely,0.0
freelance,0.0
freedom,0.0
free,0.0
forrest,0.0
format,0.0
friendship,0.0
fluctuate,0.0
folding,0.0
folder,0.0
fold,0.0
foggy,0.0
fog,0.0
focused,0.0
fly,0.0
flush,0.0
fluid,0.0
fluffy,0.0
fluent,0.0
flu,0.0
formally,0.0
flower,0.0
flow,0.0
flout,0.0
flourish,0.0
flour,0.0
flossing,0.0
floss,0.0
florida,0.0
flooring,0.0
floorboard,0.0
floor,0.0
follow,0.0
following,0.0
fond,0.0
fondly,0.0
form,0.0
fork,0.0
forgotten,0.0
forgive,0.0
forgetting,0.0
forget,0.0
forge,0.0
forever,0.0
forest,0.0
foreseeable,0.0
foremost,0.0
foreigner,0.0
foreign,0.0
forefront,0.0
forecast,0.0
forced,0.0
force,0.0
football,0.0
footage,0.0
foot,0.0
foolishness,0.0
foolish,0.0
food,0.0
friends,0.0
friesian,0.0
flood,0.0
gate,0.0
gem,0.0
gel,0.0
geese,0.0
geeky,0.0
geddit,0.0
gear,0.0
gay,0.0
gauge,0.0
gathering,0.0
gather,0.0
gatekeeper,0.0
gasp,0.0
game,0.0
gaslight,0.0
gas,0.0
garnish,0.0
garlic,0.0
gardening,0.0
garden,0.0
garbage,0.0
garage,0.0
gap,0.0
gang,0.0
gamma,0.0
gender,0.0
gene,0.0
general,0.0
generalised,0.0
gin,0.0
gilmore,0.0
gila,0.0
gig,0.0
gift,0.0
giant,0.0
ghost,0.0
getaway,0.0
gesture,0.0
germany,0.0
george,0.0
geographical,0.0
geocaching,0.0
genuinely,0.0
genuine,0.0
gently,0.0
gentle,0.0
genetically,0.0
generous,0.0
generic,0.0
generation,0.0
generate,0.0
generally,0.0
gamin,0.0
gamble,0.0
frighten,0.0
frustrated,0.0
fulfilment,0.0
fulfil,0.0
fuel,0.0
fucking,0.0
fuck,0.0
frying,0.0
fryer,0.0
fry,0.0
frustration,0.0
frustratingly,0.0
frustrating,0.0
fruition,0.0
gallery,0.0
fruitful,0.0
fruit,0.0
frugal,0.0
frozen,0.0
froze,0.0
frown,0.0
frosty,0.0
frontline,0.0
front,0.0
fro,0.0
frightening,0.0
full,0.0
fully,0.0
fume,0.0
fun,0.0
galicia,0.0
galaxy,0.0
gained,0.0
gain,0.0
fuzzy,0.0
future,0.0
fuss,0.0
furthermore,0.0
furniture,0.0
furlough,0.0
furious,0.0
funny,0.0
funnily,0.0
funnier,0.0
funeral,0.0
fundraiser,0.0
fundraise,0.0
funding,0.0
funded,0.0
fund,0.0
functioning,0.0
functional,0.0
function,0.0
flooding,0.0
float,0.0
exercise,0.0
facilitate,0.0
fair,0.0
failure,0.0
fail,0.0
fading,0.0
fade,0.0
faculty,0.0
factually,0.0
factor,0.0
fact,0.0
facing,0.0
facility,0.0
facial,0.0
extraordinary,0.0
faceted,0.0
facet,0.0
facebook,0.0
fabulous,0.0
fabric,0.0
eyeliner,0.0
eyelash,0.0
eyebrow,0.0
eye,0.0
extremes,0.0
extremely,0.0
fairly,0.0
fairness,0.0
fairy,0.0
faith,0.0
faster,0.0
fast,0.0
fashion,0.0
fascinate,0.0
farmland,0.0
farm,0.0
farewell,0.0
fare,0.0
fantasy,0.0
fantastic,0.0
fantasise,0.0
fancy,0.0
fan,0.0
familiarity,0.0
familiarise,0.0
familiar,0.0
falsity,0.0
false,0.0
fallout,0.0
fall,0.0
falafel,0.0
fake,0.0
fajitas,0.0
extreme,0.0
extract,0.0
fatal,0.0
exit,0.0
experience,0.0
expensive,0.0
expense,0.0
expecting,0.0
expectation,0.0
expectant,0.0
expect,0.0
expand,0.0
exp,0.0
exotic,0.0
exodus,0.0
existentially,0.0
extra,0.0
existential,0.0
existence,0.0
exist,0.0
exhibition,0.0
exhibit,0.0
exhaustion,0.0
exhausting,0.0
exhausted,0.0
exhaust,0.0
exertion,0.0
exercising,0.0
experienced,0.0
experiential,0.0
experiment,0.0
expert,0.0
extortionate,0.0
extinct,0.0
externally,0.0
external,0.0
extent,0.0
extension,0.0
extended,0.0
extend,0.0
expressive,0.0
expression,0.0
express,0.0
exposure,0.0
exposed,0.0
expose,0.0
exponential,0.0
explorer,0.0
explore,0.0
explode,0.0
explanation,0.0
explain,0.0
expired,0.0
expire,0.0
expertise,0.0
fat,0.0
fatalistic,0.0
flip,0.0
firing,0.0
fix,0.0
five,0.0
fitted,0.0
fitness,0.0
fit,0.0
fist,0.0
fish,0.0
fiscal,0.0
firstly,0.0
first,0.0
firm,0.0
fireman,0.0
final,0.0
fire,0.0
finishing,0.0
finish,0.0
finger,0.0
fine,0.0
finding,0.0
find,0.0
financially,0.0
financial,0.0
finance,0.0
finally,0.0
fixable,0.0
fixate,0.0
fixed,0.0
fixture,0.0
fling,0.0
flight,0.0
flexible,0.0
flexibility,0.0
flex,0.0
flesh,0.0
fleeting,0.0
fleet,0.0
flee,0.0
flawed,0.0
flavour,0.0
flatware,0.0
flatmates,0.0
flatmate,0.0
flat,0.0
flashback,0.0
flash,0.0
flare,0.0
flapjack,0.0
flannel,0.0
flamenco,0.0
flame,0.0
fizzle,0.0
finalise,0.0
filtered,0.0
fate,0.0
feature,0.0
felt,0.0
fellow,0.0
fell,0.0
feels,0.0
feeder,0.0
feedback,0.0
feed,0.0
fee,0.0
fed,0.0
february,0.0
feb,0.0
feasibly,0.0
filter,0.0
feasible,0.0
fearful,0.0
fear,0.0
favourite,0.0
favour,0.0
favor,0.0
fault,0.0
fatigued,0.0
fatigue,0.0
fatherhood,0.0
father,0.0
female,0.0
fend,0.0
fertility,0.0
fervour,0.0
film,0.0
filling,0.0
fillet,0.0
fill,0.0
filipino,0.0
filing,0.0
file,0.0
figurine,0.0
figure,0.0
fighting,0.0
fight,0.0
fifth,0.0
fifteen,0.0
field,0.0
fiddly,0.0
fiction,0.0
fibre,0.0
fiance,0.0
feverish,0.0
fever,0.0
fetch,0.0
feta,0.0
festive,0.0
zoom,0.0
